{
"type": "FeatureCollection",
"name": "cf4a3e82_hexgrid_200m",
"crs": { "type": "name", "properties": { "name": "urn:ogc:def:crs:OGC:1.3:CRS84" } },
"features": [
{ "type": "Feature", "properties": { "cell_id": "H-00000", "area_sqm": 103923.0 }, "geometry": { "type": "Polygon", "coordinates": [ [ [ -78.679939123577711, 35.784792316010368 ], [ -78.680999405297797, 35.786374034243096 ], [ -78.683210712014969, 35.786416681569378 ], [ -78.684361650714933, 35.784877605795671 ], [ -78.683301318880268, 35.783295915137423 ], [ -78.681090098455797, 35.783253272678259 ], [ -78.679939123577711, 35.784792316010368 ] ] ] } },
{ "type": "Feature", "properties": { "cell_id": "H-00001", "area_sqm": 103923.0 }, "geometry": { "type": "Polygon", "coordinates": [ [ [ -78.679848380298509, 35.78791307422857 ], [ -78.680908698195609, 35.789494793985391 ], [ -78.683120091218711, 35.78953744617916 ], [ -78.68427108003435, 35.787998373748465 ], [ -78.683210712014969, 35.786416681569378 ], [ -78.680999405297797, 35.786374034243096 ], [ -78.679848380298509, 35.78791307422857 ] ] ] } },
{ "type": "Feature", "properties": { "cell_id": "H-00002", "area_sqm": 103923.0 }, "geometry": { "type": "Polygon", "coordinates": [ [ [ -78.679757623067403, 35.791033830623981 ], [ -78.680817977147086, 35.792615551905051 ], [ -78.683029456489379, 35.792658208966692 ], [ -78.684180495428393, 35.791119139879243 ], [ -78.683120091218711, 35.78953744617916 ], [ -78.680908698195609, 35.789494793985391 ], [ -78.679757623067403, 35.791033830623981 ] ] ] } },
{ "type": "Feature", "properties": { "cell_id": "H-00003", "area_sqm": 103923.0 }, "geometry": { "type": "Polygon", "coordinates": [ [ [ -78.67966685188226, 35.794154585196537 ], [ -78.680727242150041, 35.795736308001992 ], [ -78.682938807824783, 35.795778969931867 ], [ -78.684089896894861, 35.79423990418789 ], [ -78.683029456489379, 35.792658208966692 ], [ -78.680817977147086, 35.792615551905051 ], [ -78.67966685188226, 35.794154585196537 ] ] ] } },
{ "type": "Feature", "properties": { "cell_id": "H-00004", "area_sqm": 103923.0 }, "geometry": { "type": "Polygon", "coordinates": [ [ [ -78.679576066740879, 35.797275337946118 ], [ -78.680636493202314, 35.798857062276092 ], [ -78.682848145222749, 35.798899729074584 ], [ -78.683999284431607, 35.797360666674322 ], [ -78.682938807824783, 35.795778969931867 ], [ -78.680727242150041, 35.795736308001992 ], [ -78.679576066740879, 35.797275337946118 ] ] ] } },
{ "type": "Feature", "properties": { "cell_id": "H-00005", "area_sqm": 103923.0 }, "geometry": { "type": "Polygon", "coordinates": [ [ [ -78.679485267641127, 35.800396088872645 ], [ -78.680545730301759, 35.80197781472728 ], [ -78.682757468681118, 35.80202048639476 ], [ -78.683908658036501, 35.80048142733844 ], [ -78.682848145222749, 35.798899729074584 ], [ -78.680636493202314, 35.798857062276092 ], [ -78.679485267641127, 35.800396088872645 ] ] ] } },
{ "type": "Feature", "properties": { "cell_id": "H-00006", "area_sqm": 103923.0 }, "geometry": { "type": "Polygon", "coordinates": [ [ [ -78.679394454580816, 35.803516837976012 ], [ -78.680454953446173, 35.805098565355465 ], [ -78.682666778197742, 35.805141241892294 ], [ -78.683818017707324, 35.803602186180157 ], [ -78.682757468681118, 35.80202048639476 ], [ -78.680545730301759, 35.80197781472728 ], [ -78.679394454580816, 35.803516837976012 ] ] ] } },
{ "type": "Feature", "properties": { "cell_id": "H-00007", "area_sqm": 103923.0 }, "geometry": { "type": "Polygon", "coordinates": [ [ [ -78.679303627557772, 35.806637585256134 ], [ -78.680364162633424, 35.808219314160525 ], [ -78.682576073770448, 35.808261995567086 ], [ -78.683727363441946, 35.806722943199375 ], [ -78.682666778197742, 35.805141241892294 ], [ -78.680454953446173, 35.805098565355465 ], [ -78.679303627557772, 35.806637585256134 ] ] ] } },
{ "type": "Feature", "properties": { "cell_id": "H-00008", "area_sqm": 103923.0 }, "geometry": { "type": "Polygon", "coordinates": [ [ [ -78.679212786569835, 35.809758330712903 ], [ -78.680273357861324, 35.811340061142374 ], [ -78.682485355397048, 35.811382747419053 ], [ -78.683636695238178, 35.809843698395987 ], [ -78.682576073770448, 35.808261995567086 ], [ -78.680364162633424, 35.808219314160525 ], [ -78.679212786569835, 35.809758330712903 ] ] ] } },
{ "type": "Feature", "properties": { "cell_id": "H-00009", "area_sqm": 103923.0 }, "geometry": { "type": "Polygon", "coordinates": [ [ [ -78.679121931614844, 35.812879074346228 ], [ -78.680182539127699, 35.814460806300929 ], [ -78.682394623075396, 35.814503497448086 ], [ -78.68354601309386, 35.812964451769901 ], [ -78.682485355397048, 35.811382747419053 ], [ -78.680273357861324, 35.811340061142374 ], [ -78.679121931614844, 35.812879074346228 ] ] ] } },
{ "type": "Feature", "properties": { "cell_id": "H-00010", "area_sqm": 103923.0 }, "geometry": { "type": "Polygon", "coordinates": [ [ [ -78.679031062690612, 35.815999816156008 ], [ -78.680091706430375, 35.817581549636067 ], [ -78.682303876803331, 35.817624245654088 ], [ -78.68345531700686, 35.816085203321023 ], [ -78.682394623075396, 35.814503497448086 ], [ -78.680182539127699, 35.814460806300929 ], [ -78.679031062690612, 35.815999816156008 ] ] ] } },
{ "type": "Feature", "properties": { "cell_id": "H-00011", "area_sqm": 103923.0 }, "geometry": { "type": "Polygon", "coordinates": [ [ [ -78.678940179794978, 35.819120556142167 ], [ -78.680000859767205, 35.820702291147718 ], [ -78.682213116578666, 35.820744992036964 ], [ -78.683364606974962, 35.819205953049263 ], [ -78.682303876803331, 35.817624245654088 ], [ -78.680091706430375, 35.817581549636067 ], [ -78.678940179794978, 35.819120556142167 ] ] ] } },
{ "type": "Feature", "properties": { "cell_id": "H-00012", "area_sqm": 103923.0 }, "geometry": { "type": "Polygon", "coordinates": [ [ [ -78.678849282925754, 35.822241294304575 ], [ -78.679909999135987, 35.823823030835769 ], [ -78.682122342399225, 35.823865736596623 ], [ -78.683273882996033, 35.82232670095452 ], [ -78.682213116578666, 35.820744992036964 ], [ -78.680000859767205, 35.820702291147718 ], [ -78.678849282925754, 35.822241294304575 ] ] ] } },
{ "type": "Feature", "properties": { "cell_id": "H-00013", "area_sqm": 103923.0 }, "geometry": { "type": "Polygon", "coordinates": [ [ [ -78.67793832622398, 35.739477149088103 ], [ -78.678998015940579, 35.741058871999151 ], [ -78.681208065750965, 35.741101509618517 ], [ -78.68235833974056, 35.739562419458039 ], [ -78.681298600011573, 35.73798072407029 ], [ -78.679088636300975, 35.737938091319563 ], [ -78.67793832622398, 35.739477149088103 ] ] ] } },
{ "type": "Feature", "properties": { "cell_id": "H-00014", "area_sqm": 103923.0 }, "geometry": { "type": "Polygon", "coordinates": [ [ [ -78.677847655844602, 35.742597926420714 ], [ -78.67890738164752, 35.744179650857028 ], [ -78.681117517570925, 35.744222293345423 ], [ -78.68226784157396, 35.742683206528305 ], [ -78.681208065750965, 35.741101509618517 ], [ -78.678998015940579, 35.741058871999151 ], [ -78.677847655844602, 35.742597926420714 ] ] ] } },
{ "type": "Feature", "properties": { "cell_id": "H-00015", "area_sqm": 103923.0 }, "geometry": { "type": "Polygon", "coordinates": [ [ [ -78.677756971524872, 35.745718701931366 ], [ -78.678816733419652, 35.747300427893123 ], [ -78.681026955469264, 35.747343075250896 ], [ -78.682177329493456, 35.745803991777365 ], [ -78.681117517570925, 35.744222293345423 ], [ -78.67890738164752, 35.744179650857028 ], [ -78.677756971524872, 35.745718701931366 ] ] ] } },
{ "type": "Feature", "properties": { "cell_id": "H-00016", "area_sqm": 103923.0 }, "geometry": { "type": "Polygon", "coordinates": [ [ [ -78.677666273262616, 35.748839475619995 ], [ -78.6787260712548, 35.750421203107315 ], [ -78.680936379443835, 35.75046385533485 ], [ -78.682086803496873, 35.748924775205154 ], [ -78.681026955469264, 35.747343075250896 ], [ -78.678816733419652, 35.747300427893123 ], [ -78.677666273262616, 35.748839475619995 ] ] ] } },
{ "type": "Feature", "properties": { "cell_id": "H-00017", "area_sqm": 103923.0 }, "geometry": { "type": "Polygon", "coordinates": [ [ [ -78.677575561055704, 35.751960247486501 ], [ -78.678635395150792, 35.753541976499513 ], [ -78.680845789492494, 35.753584633597164 ], [ -78.68199626358205, 35.752045556811559 ], [ -78.680936379443835, 35.75046385533485 ], [ -78.6787260712548, 35.750421203107315 ], [ -78.677575561055704, 35.751960247486501 ] ] ] } },
{ "type": "Feature", "properties": { "cell_id": "H-00018", "area_sqm": 103923.0 }, "geometry": { "type": "Polygon", "coordinates": [ [ [ -78.677484834901961, 35.755081017530777 ], [ -78.67854470510548, 35.75666274806963 ], [ -78.68075518561308, 35.75670541003781 ], [ -78.681905709746857, 35.755166336596467 ], [ -78.680845789492494, 35.753584633597164 ], [ -78.678635395150792, 35.753541976499513 ], [ -78.677484834901961, 35.755081017530777 ] ] ] } },
{ "type": "Feature", "properties": { "cell_id": "H-00019", "area_sqm": 103923.0 }, "geometry": { "type": "Polygon", "coordinates": [ [ [ -78.677394094799212, 35.758201785752711 ], [ -78.678454001116705, 35.75978351781756 ], [ -78.680664567803404, 35.759826184656617 ], [ -78.681815141989091, 35.758287114559799 ], [ -78.68075518561308, 35.75670541003781 ], [ -78.67854470510548, 35.75666274806963 ], [ -78.677394094799212, 35.758201785752711 ] ] ] } },
{ "type": "Feature", "properties": { "cell_id": "H-00020", "area_sqm": 103923.0 }, "geometry": { "type": "Polygon", "coordinates": [ [ [ -78.677303340745297, 35.761322552152251 ], [ -78.678363283182279, 35.762904285743204 ], [ -78.680573936061336, 35.762946957453515 ], [ -78.68172456030662, 35.76140789070147 ], [ -78.680664567803404, 35.759826184656617 ], [ -78.678454001116705, 35.75978351781756 ], [ -78.677303340745297, 35.761322552152251 ] ] ] } },
{ "type": "Feature", "properties": { "cell_id": "H-00021", "area_sqm": 103923.0 }, "geometry": { "type": "Polygon", "coordinates": [ [ [ -78.677212572738043, 35.764443316729263 ], [ -78.678272551300068, 35.766025051846469 ], [ -78.680483290384672, 35.766067728428425 ], [ -78.681633964697269, 35.764528665021366 ], [ -78.680573936061336, 35.762946957453515 ], [ -78.678363283182279, 35.762904285743204 ], [ -78.677212572738043, 35.764443316729263 ] ] ] } },
{ "type": "Feature", "properties": { "cell_id": "H-00022", "area_sqm": 103923.0 }, "geometry": { "type": "Polygon", "coordinates": [ [ [ -78.677121790775288, 35.767564079483655 ], [ -78.678181805467887, 35.769145816127271 ], [ -78.680392630771308, 35.769188497581226 ], [ -78.681543355158908, 35.767649437519395 ], [ -78.680483290384672, 35.766067728428425 ], [ -78.678272551300068, 35.766025051846469 ], [ -78.677121790775288, 35.767564079483655 ] ] ] } },
{ "type": "Feature", "properties": { "cell_id": "H-00023", "area_sqm": 103923.0 }, "geometry": { "type": "Polygon", "coordinates": [ [ [ -78.677030994854888, 35.770684840415356 ], [ -78.678091045683587, 35.772266578585487 ], [ -78.680301957219029, 35.772309264911833 ], [ -78.681452731689319, 35.770770208195479 ], [ -78.680392630771308, 35.769188497581226 ], [ -78.678181805467887, 35.769145816127271 ], [ -78.677030994854888, 35.770684840415356 ] ] ] } },
{ "type": "Feature", "properties": { "cell_id": "H-00024", "area_sqm": 103923.0 }, "geometry": { "type": "Polygon", "coordinates": [ [ [ -78.676940184974654, 35.773805599524245 ], [ -78.678000271944995, 35.775387339221055 ], [ -78.680211269725703, 35.775430030420146 ], [ -78.681362094286399, 35.773890977049511 ], [ -78.680301957219029, 35.772309264911833 ], [ -78.678091045683587, 35.772266578585487 ], [ -78.676940184974654, 35.773805599524245 ] ] ] } },
{ "type": "Feature", "properties": { "cell_id": "H-00025", "area_sqm": 103923.0 }, "geometry": { "type": "Polygon", "coordinates": [ [ [ -78.676849361132412, 35.776926356810236 ], [ -78.677909484249923, 35.778508098033861 ], [ -78.680120568289155, 35.778550794106067 ], [ -78.681271442947931, 35.777011744081371 ], [ -78.680211269725703, 35.775430030420146 ], [ -78.678000271944995, 35.775387339221055 ], [ -78.676849361132412, 35.776926356810236 ] ] ] } },
{ "type": "Feature", "properties": { "cell_id": "H-00026", "area_sqm": 103923.0 }, "geometry": { "type": "Polygon", "coordinates": [ [ [ -78.676758523326015, 35.780047112273223 ], [ -78.677818682596239, 35.781628855023804 ], [ -78.680029852907197, 35.781671555969517 ], [ -78.681180777671784, 35.780132509290993 ], [ -78.680120568289155, 35.778550794106067 ], [ -78.677909484249923, 35.778508098033861 ], [ -78.676758523326015, 35.780047112273223 ] ] ] } },
{ "type": "Feature", "properties": { "cell_id": "H-00027", "area_sqm": 103923.0 }, "geometry": { "type": "Polygon", "coordinates": [ [ [ -78.67666767155329, 35.783167865913121 ], [ -78.677727866981755, 35.784749610190794 ], [ -78.679939123577711, 35.784792316010368 ], [ -78.681090098455797, 35.783253272678259 ], [ -78.680029852907197, 35.781671555969517 ], [ -78.677818682596239, 35.781628855023804 ], [ -78.67666767155329, 35.783167865913121 ] ] ] } },
{ "type": "Feature", "properties": { "cell_id": "H-00028", "area_sqm": 103923.0 }, "geometry": { "type": "Polygon", "coordinates": [ [ [ -78.676576805812047, 35.786288617729838 ], [ -78.67763703740431, 35.787870363534729 ], [ -78.679848380298509, 35.78791307422857 ], [ -78.680999405297797, 35.786374034243096 ], [ -78.679939123577711, 35.784792316010368 ], [ -78.677727866981755, 35.784749610190794 ], [ -78.676576805812047, 35.786288617729838 ] ] ] } },
{ "type": "Feature", "properties": { "cell_id": "H-00029", "area_sqm": 103923.0 }, "geometry": { "type": "Polygon", "coordinates": [ [ [ -78.676485926100156, 35.789409367723259 ], [ -78.67754619386173, 35.790991115055526 ], [ -78.679757623067403, 35.791033830623981 ], [ -78.680908698195609, 35.789494793985391 ], [ -78.679848380298509, 35.78791307422857 ], [ -78.67763703740431, 35.787870363534729 ], [ -78.676485926100156, 35.789409367723259 ] ] ] } },
{ "type": "Feature", "properties": { "cell_id": "H-00030", "area_sqm": 103923.0 }, "geometry": { "type": "Polygon", "coordinates": [ [ [ -78.676395032415428, 35.7925301158933 ], [ -78.677455336351855, 35.794111864753084 ], [ -78.67966685188226, 35.794154585196537 ], [ -78.680817977147086, 35.792615551905051 ], [ -78.679757623067403, 35.791033830623981 ], [ -78.67754619386173, 35.790991115055526 ], [ -78.676395032415428, 35.7925301158933 ] ] ] } },
{ "type": "Feature", "properties": { "cell_id": "H-00031", "area_sqm": 103923.0 }, "geometry": { "type": "Polygon", "coordinates": [ [ [ -78.676304124755674, 35.79565086223986 ], [ -78.677364464872511, 35.797232612627297 ], [ -78.679576066740879, 35.797275337946118 ], [ -78.680727242150041, 35.795736308001992 ], [ -78.67966685188226, 35.794154585196537 ], [ -78.677455336351855, 35.794111864753084 ], [ -78.676304124755674, 35.79565086223986 ] ] ] } },
{ "type": "Feature", "properties": { "cell_id": "H-00032", "area_sqm": 103923.0 }, "geometry": { "type": "Polygon", "coordinates": [ [ [ -78.676213203118735, 35.798771606762855 ], [ -78.677273579421509, 35.800353358678059 ], [ -78.679485267641127, 35.800396088872645 ], [ -78.680636493202314, 35.798857062276092 ], [ -78.679576066740879, 35.797275337946118 ], [ -78.677364464872511, 35.797232612627297 ], [ -78.676213203118735, 35.798771606762855 ] ] ] } },
{ "type": "Feature", "properties": { "cell_id": "H-00033", "area_sqm": 103923.0 }, "geometry": { "type": "Polygon", "coordinates": [ [ [ -78.676122267502464, 35.801892349462179 ], [ -78.677182679996719, 35.803474102905312 ], [ -78.679394454580816, 35.803516837976012 ], [ -78.680545730301759, 35.80197781472728 ], [ -78.679485267641127, 35.800396088872645 ], [ -78.677273579421509, 35.800353358678059 ], [ -78.676122267502464, 35.801892349462179 ] ] ] } },
{ "type": "Feature", "properties": { "cell_id": "H-00034", "area_sqm": 103923.0 }, "geometry": { "type": "Polygon", "coordinates": [ [ [ -78.676031317904659, 35.805013090337731 ], [ -78.677091766595936, 35.806594845308936 ], [ -78.679303627557772, 35.806637585256134 ], [ -78.680454953446173, 35.805098565355465 ], [ -78.679394454580816, 35.803516837976012 ], [ -78.677182679996719, 35.803474102905312 ], [ -78.676031317904659, 35.805013090337731 ] ] ] } },
{ "type": "Feature", "properties": { "cell_id": "H-00035", "area_sqm": 103923.0 }, "geometry": { "type": "Polygon", "coordinates": [ [ [ -78.67594035432316, 35.808133829389426 ], [ -78.677000839217001, 35.809715585888839 ], [ -78.679212786569835, 35.809758330712903 ], [ -78.680364162633424, 35.808219314160525 ], [ -78.679303627557772, 35.806637585256134 ], [ -78.677091766595936, 35.806594845308936 ], [ -78.67594035432316, 35.808133829389426 ] ] ] } },
{ "type": "Feature", "properties": { "cell_id": "H-00036", "area_sqm": 103923.0 }, "geometry": { "type": "Polygon", "coordinates": [ [ [ -78.675849376755792, 35.811254566617151 ], [ -78.67690989785774, 35.812836324644913 ], [ -78.679121931614844, 35.812879074346228 ], [ -78.680273357861324, 35.811340061142374 ], [ -78.679212786569835, 35.809758330712903 ], [ -78.677000839217001, 35.809715585888839 ], [ -78.675849376755792, 35.811254566617151 ] ] ] } },
{ "type": "Feature", "properties": { "cell_id": "H-00037", "area_sqm": 103923.0 }, "geometry": { "type": "Polygon", "coordinates": [ [ [ -78.675758385200368, 35.814375302020835 ], [ -78.676818942515993, 35.81595706157708 ], [ -78.679031062690612, 35.815999816156008 ], [ -78.680182539127699, 35.814460806300929 ], [ -78.679121931614844, 35.812879074346228 ], [ -78.67690989785774, 35.812836324644913 ], [ -78.675758385200368, 35.814375302020835 ] ] ] } },
{ "type": "Feature", "properties": { "cell_id": "H-00038", "area_sqm": 103923.0 }, "geometry": { "type": "Polygon", "coordinates": [ [ [ -78.67566737965474, 35.817496035600364 ], [ -78.676727973189557, 35.819077796685235 ], [ -78.678940179794978, 35.819120556142167 ], [ -78.680091706430375, 35.817581549636067 ], [ -78.679031062690612, 35.815999816156008 ], [ -78.676818942515993, 35.81595706157708 ], [ -78.67566737965474, 35.817496035600364 ] ] ] } },
{ "type": "Feature", "properties": { "cell_id": "H-00039", "area_sqm": 103923.0 }, "geometry": { "type": "Polygon", "coordinates": [ [ [ -78.675576360116736, 35.820616767355638 ], [ -78.676636989876286, 35.822198529969278 ], [ -78.678849282925754, 35.822241294304575 ], [ -78.680000859767205, 35.820702291147718 ], [ -78.678940179794978, 35.819120556142167 ], [ -78.676727973189557, 35.819077796685235 ], [ -78.675576360116736, 35.820616767355638 ] ] ] } },
{ "type": "Feature", "properties": { "cell_id": "H-00040", "area_sqm": 103923.0 }, "geometry": { "type": "Polygon", "coordinates": [ [ [ -78.674577930256874, 35.740973475102273 ], [ -78.675637569947881, 35.742555225534311 ], [ -78.677847655844602, 35.742597926420714 ], [ -78.678998015940579, 35.741058871999151 ], [ -78.67793832622398, 35.739477149088103 ], [ -78.675728326432591, 35.739434453077472 ], [ -78.674577930256874, 35.740973475102273 ] ] ] } },
{ "type": "Feature", "properties": { "cell_id": "H-00041", "area_sqm": 103923.0 }, "geometry": { "type": "Polygon", "coordinates": [ [ [ -78.674487123739979, 35.744094244208249 ], [ -78.675546799509632, 35.745675996168821 ], [ -78.677756971524872, 35.745718701931366 ], [ -78.67890738164752, 35.744179650857028 ], [ -78.677847655844602, 35.742597926420714 ], [ -78.675637569947881, 35.742555225534311 ], [ -78.674487123739979, 35.744094244208249 ] ] ] } },
{ "type": "Feature", "properties": { "cell_id": "H-00042", "area_sqm": 103923.0 }, "geometry": { "type": "Polygon", "coordinates": [ [ [ -78.67439630326183, 35.74721501149169 ], [ -78.675456015115643, 35.748796764980945 ], [ -78.677666273262616, 35.748839475619995 ], [ -78.678816733419652, 35.747300427893123 ], [ -78.677756971524872, 35.745718701931366 ], [ -78.675546799509632, 35.745675996168821 ], [ -78.67439630326183, 35.74721501149169 ] ] ] } },
{ "type": "Feature", "properties": { "cell_id": "H-00043", "area_sqm": 103923.0 }, "geometry": { "type": "Polygon", "coordinates": [ [ [ -78.674305468820251, 35.750335776952475 ], [ -78.675365216763751, 35.751917531970555 ], [ -78.677575561055704, 35.751960247486501 ], [ -78.6787260712548, 35.750421203107315 ], [ -78.677666273262616, 35.748839475619995 ], [ -78.675456015115643, 35.748796764980945 ], [ -78.674305468820251, 35.750335776952475 ] ] ] } },
{ "type": "Feature", "properties": { "cell_id": "H-00044", "area_sqm": 103923.0 }, "geometry": { "type": "Polygon", "coordinates": [ [ [ -78.674214620413096, 35.753456540590527 ], [ -78.675274404451812, 35.755038297137574 ], [ -78.677484834901961, 35.755081017530777 ], [ -78.678635395150792, 35.753541976499513 ], [ -78.677575561055704, 35.751960247486501 ], [ -78.675365216763751, 35.751917531970555 ], [ -78.674214620413096, 35.753456540590527 ] ] ] } },
{ "type": "Feature", "properties": { "cell_id": "H-00045", "area_sqm": 103923.0 }, "geometry": { "type": "Polygon", "coordinates": [ [ [ -78.674123758038178, 35.756577302405731 ], [ -78.675183578177638, 35.758159060481873 ], [ -78.677394094799212, 35.758201785752711 ], [ -78.67854470510548, 35.75666274806963 ], [ -78.677484834901961, 35.755081017530777 ], [ -78.675274404451812, 35.755038297137574 ], [ -78.674123758038178, 35.756577302405731 ] ] ] } },
{ "type": "Feature", "properties": { "cell_id": "H-00046", "area_sqm": 103923.0 }, "geometry": { "type": "Polygon", "coordinates": [ [ [ -78.674032881693336, 35.759698062398023 ], [ -78.675092737939082, 35.761279822003395 ], [ -78.677303340745297, 35.761322552152251 ], [ -78.678454001116705, 35.75978351781756 ], [ -78.677394094799212, 35.758201785752711 ], [ -78.675183578177638, 35.758159060481873 ], [ -78.674032881693336, 35.759698062398023 ] ] ] } },
{ "type": "Feature", "properties": { "cell_id": "H-00047", "area_sqm": 103923.0 }, "geometry": { "type": "Polygon", "coordinates": [ [ [ -78.67394199137641, 35.762818820567261 ], [ -78.675001883733955, 35.76440058170202 ], [ -78.677212572738043, 35.764443316729263 ], [ -78.678363283182279, 35.762904285743204 ], [ -78.677303340745297, 35.761322552152251 ], [ -78.675092737939082, 35.761279822003395 ], [ -78.67394199137641, 35.762818820567261 ] ] ] } },
{ "type": "Feature", "properties": { "cell_id": "H-00048", "area_sqm": 103923.0 }, "geometry": { "type": "Polygon", "coordinates": [ [ [ -78.673851087085225, 35.765939576913389 ], [ -78.674911015560113, 35.767521339577669 ], [ -78.677121790775288, 35.767564079483655 ], [ -78.678272551300068, 35.766025051846469 ], [ -78.677212572738043, 35.764443316729263 ], [ -78.675001883733955, 35.76440058170202 ], [ -78.673851087085225, 35.765939576913389 ] ] ] } },
{ "type": "Feature", "properties": { "cell_id": "H-00049", "area_sqm": 103923.0 }, "geometry": { "type": "Polygon", "coordinates": [ [ [ -78.673760168817623, 35.769060331436293 ], [ -78.674820133415366, 35.770642095630215 ], [ -78.677030994854888, 35.770684840415356 ], [ -78.678181805467887, 35.769145816127271 ], [ -78.677121790775288, 35.767564079483655 ], [ -78.674911015560113, 35.767521339577669 ], [ -78.673760168817623, 35.769060331436293 ] ] ] } },
{ "type": "Feature", "properties": { "cell_id": "H-00050", "area_sqm": 103923.0 }, "geometry": { "type": "Polygon", "coordinates": [ [ [ -78.673669236571413, 35.77218108413588 ], [ -78.674729237297555, 35.773762849859601 ], [ -78.676940184974654, 35.773805599524245 ], [ -78.678091045683587, 35.772266578585487 ], [ -78.677030994854888, 35.770684840415356 ], [ -78.674820133415366, 35.770642095630215 ], [ -78.673669236571413, 35.77218108413588 ] ] ] } },
{ "type": "Feature", "properties": { "cell_id": "H-00051", "area_sqm": 103923.0 }, "geometry": { "type": "Polygon", "coordinates": [ [ [ -78.673578290344437, 35.775301835012044 ], [ -78.674638327204519, 35.776883602265713 ], [ -78.676849361132412, 35.776926356810236 ], [ -78.678000271944995, 35.775387339221055 ], [ -78.676940184974654, 35.773805599524245 ], [ -78.674729237297555, 35.773762849859601 ], [ -78.673578290344437, 35.775301835012044 ] ] ] } },
{ "type": "Feature", "properties": { "cell_id": "H-00052", "area_sqm": 103923.0 }, "geometry": { "type": "Polygon", "coordinates": [ [ [ -78.673487330134535, 35.778422584064707 ], [ -78.674547403134085, 35.780004352848444 ], [ -78.676758523326015, 35.780047112273223 ], [ -78.677909484249923, 35.778508098033861 ], [ -78.676849361132412, 35.776926356810236 ], [ -78.674638327204519, 35.776883602265713 ], [ -78.673487330134535, 35.778422584064707 ] ] ] } },
{ "type": "Feature", "properties": { "cell_id": "H-00053", "area_sqm": 103923.0 }, "geometry": { "type": "Polygon", "coordinates": [ [ [ -78.673396355939516, 35.781543331293769 ], [ -78.674456465084077, 35.783125101607709 ], [ -78.67666767155329, 35.783167865913121 ], [ -78.677818682596239, 35.781628855023804 ], [ -78.676758523326015, 35.780047112273223 ], [ -78.674547403134085, 35.780004352848444 ], [ -78.673396355939516, 35.781543331293769 ] ] ] } },
{ "type": "Feature", "properties": { "cell_id": "H-00054", "area_sqm": 103923.0 }, "geometry": { "type": "Polygon", "coordinates": [ [ [ -78.673305367757209, 35.784664076699116 ], [ -78.674365513052308, 35.786245848543409 ], [ -78.676576805812047, 35.786288617729838 ], [ -78.677727866981755, 35.784749610190794 ], [ -78.67666767155329, 35.783167865913121 ], [ -78.674456465084077, 35.783125101607709 ], [ -78.673305367757209, 35.784664076699116 ] ] ] } },
{ "type": "Feature", "properties": { "cell_id": "H-00055", "area_sqm": 103923.0 }, "geometry": { "type": "Polygon", "coordinates": [ [ [ -78.673214365585466, 35.787784820280663 ], [ -78.674274547036646, 35.789366593655451 ], [ -78.676485926100156, 35.789409367723259 ], [ -78.67763703740431, 35.787870363534729 ], [ -78.676576805812047, 35.786288617729838 ], [ -78.674365513052308, 35.786245848543409 ], [ -78.673214365585466, 35.787784820280663 ] ] ] } },
{ "type": "Feature", "properties": { "cell_id": "H-00056", "area_sqm": 103923.0 }, "geometry": { "type": "Polygon", "coordinates": [ [ [ -78.673123349422099, 35.790905562038319 ], [ -78.674183567034888, 35.792487336943736 ], [ -78.676395032415428, 35.7925301158933 ], [ -78.67754619386173, 35.790991115055526 ], [ -78.676485926100156, 35.789409367723259 ], [ -78.674274547036646, 35.789366593655451 ], [ -78.673123349422099, 35.790905562038319 ] ] ] } },
{ "type": "Feature", "properties": { "cell_id": "H-00057", "area_sqm": 103923.0 }, "geometry": { "type": "Polygon", "coordinates": [ [ [ -78.673032319264934, 35.794026301971975 ], [ -78.674092573044859, 35.795608078408172 ], [ -78.676304124755674, 35.79565086223986 ], [ -78.677455336351855, 35.794111864753084 ], [ -78.676395032415428, 35.7925301158933 ], [ -78.674183567034888, 35.792487336943736 ], [ -78.673032319264934, 35.794026301971975 ] ] ] } },
{ "type": "Feature", "properties": { "cell_id": "H-00058", "area_sqm": 103923.0 }, "geometry": { "type": "Polygon", "coordinates": [ [ [ -78.672941275111796, 35.797147040081548 ], [ -78.674001565064415, 35.798728818048644 ], [ -78.676213203118735, 35.798771606762855 ], [ -78.677364464872511, 35.797232612627297 ], [ -78.676304124755674, 35.79565086223986 ], [ -78.674092573044859, 35.795608078408172 ], [ -78.672941275111796, 35.797147040081548 ] ] ] } },
{ "type": "Feature", "properties": { "cell_id": "H-00059", "area_sqm": 103923.0 }, "geometry": { "type": "Polygon", "coordinates": [ [ [ -78.672850216960512, 35.800267776366937 ], [ -78.673910543091367, 35.801849555865083 ], [ -78.676122267502464, 35.801892349462179 ], [ -78.677273579421509, 35.800353358678059 ], [ -78.676213203118735, 35.798771606762855 ], [ -78.674001565064415, 35.798728818048644 ], [ -78.672850216960512, 35.800267776366937 ] ] ] } },
{ "type": "Feature", "properties": { "cell_id": "H-00060", "area_sqm": 103923.0 }, "geometry": { "type": "Polygon", "coordinates": [ [ [ -78.672759144808907, 35.80338851082805 ], [ -78.673819507123525, 35.804970291857387 ], [ -78.676031317904659, 35.805013090337731 ], [ -78.677182679996719, 35.803474102905312 ], [ -78.676122267502464, 35.801892349462179 ], [ -78.673910543091367, 35.801849555865083 ], [ -78.672759144808907, 35.80338851082805 ] ] ] } },
{ "type": "Feature", "properties": { "cell_id": "H-00061", "area_sqm": 103923.0 }, "geometry": { "type": "Polygon", "coordinates": [ [ [ -78.672668058654821, 35.806509243464774 ], [ -78.673728457158745, 35.808091026025444 ], [ -78.67594035432316, 35.808133829389426 ], [ -78.677091766595936, 35.806594845308936 ], [ -78.676031317904659, 35.805013090337731 ], [ -78.673819507123525, 35.804970291857387 ], [ -78.672668058654821, 35.806509243464774 ] ] ] } },
{ "type": "Feature", "properties": { "cell_id": "H-00062", "area_sqm": 103923.0 }, "geometry": { "type": "Polygon", "coordinates": [ [ [ -78.672576958496052, 35.80962997427703 ], [ -78.673637393194838, 35.811211758369168 ], [ -78.675849376755792, 35.811254566617151 ], [ -78.677000839217001, 35.809715585888839 ], [ -78.67594035432316, 35.808133829389426 ], [ -78.673728457158745, 35.808091026025444 ], [ -78.672576958496052, 35.80962997427703 ] ] ] } },
{ "type": "Feature", "properties": { "cell_id": "H-00063", "area_sqm": 103923.0 }, "geometry": { "type": "Polygon", "coordinates": [ [ [ -78.672485844330453, 35.812750703264726 ], [ -78.673546315229615, 35.814332488888468 ], [ -78.675758385200368, 35.814375302020835 ], [ -78.67690989785774, 35.812836324644913 ], [ -78.675849376755792, 35.811254566617151 ], [ -78.673637393194838, 35.811211758369168 ], [ -78.672485844330453, 35.812750703264726 ] ] ] } },
{ "type": "Feature", "properties": { "cell_id": "H-00064", "area_sqm": 103923.0 }, "geometry": { "type": "Polygon", "coordinates": [ [ [ -78.672394716155821, 35.815871430427727 ], [ -78.673455223260916, 35.817453217583235 ], [ -78.67566737965474, 35.817496035600364 ], [ -78.676818942515993, 35.81595706157708 ], [ -78.675758385200368, 35.814375302020835 ], [ -78.673546315229615, 35.814332488888468 ], [ -78.672394716155821, 35.815871430427727 ] ] ] } },
{ "type": "Feature", "properties": { "cell_id": "H-00065", "area_sqm": 103923.0 }, "geometry": { "type": "Polygon", "coordinates": [ [ [ -78.672303573969984, 35.818992155765997 ], [ -78.673364117286567, 35.820573944453372 ], [ -78.675576360116736, 35.820616767355638 ], [ -78.676727973189557, 35.819077796685235 ], [ -78.67566737965474, 35.817496035600364 ], [ -78.673455223260916, 35.817453217583235 ], [ -78.672303573969984, 35.818992155765997 ] ] ] } },
{ "type": "Feature", "properties": { "cell_id": "H-00066", "area_sqm": 103923.0 }, "geometry": { "type": "Polygon", "coordinates": [ [ [ -78.672212417770766, 35.822112879279388 ], [ -78.673272997304366, 35.823694669498799 ], [ -78.675485326584138, 35.823737497286579 ], [ -78.676636989876286, 35.822198529969278 ], [ -78.675576360116736, 35.820616767355638 ], [ -78.673364117286567, 35.820573944453372 ], [ -78.672212417770766, 35.822112879279388 ] ] ] } },
{ "type": "Feature", "properties": { "cell_id": "H-00067", "area_sqm": 103923.0 }, "geometry": { "type": "Polygon", "coordinates": [ [ [ -78.671308340805595, 35.739348939406248 ], [ -78.672367894392366, 35.740930715825307 ], [ -78.674577930256874, 35.740973475102273 ], [ -78.675728326432591, 35.739434453077472 ], [ -78.674668722814687, 35.737852704173847 ], [ -78.672458773047808, 35.737809949779411 ], [ -78.671308340805595, 35.739348939406248 ] ] ] } },
{ "type": "Feature", "properties": { "cell_id": "H-00068", "area_sqm": 103923.0 }, "geometry": { "type": "Polygon", "coordinates": [ [ [ -78.671217412112426, 35.742469702097672 ], [ -78.672277001764641, 35.744051480048405 ], [ -78.674487123739979, 35.744094244208249 ], [ -78.675637569947881, 35.742555225534311 ], [ -78.674577930256874, 35.740973475102273 ], [ -78.672367894392366, 35.740930715825307 ], [ -78.671217412112426, 35.742469702097672 ] ] ] } },
{ "type": "Feature", "properties": { "cell_id": "H-00069", "area_sqm": 103923.0 }, "geometry": { "type": "Polygon", "coordinates": [ [ [ -78.671126469439272, 35.745590462966028 ], [ -78.672186095162417, 35.747172242448563 ], [ -78.67439630326183, 35.74721501149169 ], [ -78.675546799509632, 35.745675996168821 ], [ -78.674487123739979, 35.744094244208249 ], [ -78.672277001764641, 35.744051480048405 ], [ -78.671126469439272, 35.745590462966028 ] ] ] } },
{ "type": "Feature", "properties": { "cell_id": "H-00070", "area_sqm": 103923.0 }, "geometry": { "type": "Polygon", "coordinates": [ [ [ -78.671035512783959, 35.748711222011238 ], [ -78.672095174583561, 35.750293003025718 ], [ -78.674305468820251, 35.750335776952475 ], [ -78.675456015115643, 35.748796764980945 ], [ -78.67439630326183, 35.74721501149169 ], [ -78.672186095162417, 35.747172242448563 ], [ -78.671035512783959, 35.748711222011238 ] ] ] } },
{ "type": "Feature", "properties": { "cell_id": "H-00071", "area_sqm": 103923.0 }, "geometry": { "type": "Polygon", "coordinates": [ [ [ -78.670944542144312, 35.751831979233195 ], [ -78.672004240025913, 35.753413761779754 ], [ -78.674214620413096, 35.753456540590527 ], [ -78.675365216763751, 35.751917531970555 ], [ -78.674305468820251, 35.750335776952475 ], [ -78.672095174583561, 35.750293003025718 ], [ -78.670944542144312, 35.751831979233195 ] ] ] } },
{ "type": "Feature", "properties": { "cell_id": "H-00072", "area_sqm": 103923.0 }, "geometry": { "type": "Polygon", "coordinates": [ [ [ -78.670853557518143, 35.754952734631807 ], [ -78.671913291487272, 35.756534518710581 ], [ -78.674123758038178, 35.756577302405731 ], [ -78.675274404451812, 35.755038297137574 ], [ -78.674214620413096, 35.753456540590527 ], [ -78.672004240025913, 35.753413761779754 ], [ -78.670853557518143, 35.754952734631807 ] ] ] } },
{ "type": "Feature", "properties": { "cell_id": "H-00073", "area_sqm": 103923.0 }, "geometry": { "type": "Polygon", "coordinates": [ [ [ -78.67076255890332, 35.758073488206946 ], [ -78.67182232896549, 35.75965527381809 ], [ -78.674032881693336, 35.759698062398023 ], [ -78.675183578177638, 35.758159060481873 ], [ -78.674123758038178, 35.756577302405731 ], [ -78.671913291487272, 35.756534518710581 ], [ -78.67076255890332, 35.758073488206946 ] ] ] } },
{ "type": "Feature", "properties": { "cell_id": "H-00074", "area_sqm": 103923.0 }, "geometry": { "type": "Polygon", "coordinates": [ [ [ -78.670671546297626, 35.76119423995857 ], [ -78.671731352458394, 35.762776027102198 ], [ -78.67394199137641, 35.762818820567261 ], [ -78.675092737939082, 35.761279822003395 ], [ -78.674032881693336, 35.759698062398023 ], [ -78.67182232896549, 35.75965527381809 ], [ -78.670671546297626, 35.76119423995857 ] ] ] } },
{ "type": "Feature", "properties": { "cell_id": "H-00075", "area_sqm": 103923.0 }, "geometry": { "type": "Polygon", "coordinates": [ [ [ -78.670580519698944, 35.764314989886543 ], [ -78.67164036196381, 35.765896778562812 ], [ -78.673851087085225, 35.765939576913389 ], [ -78.675001883733955, 35.76440058170202 ], [ -78.67394199137641, 35.762818820567261 ], [ -78.671731352458394, 35.762776027102198 ], [ -78.670580519698944, 35.764314989886543 ] ] ] } },
{ "type": "Feature", "properties": { "cell_id": "H-00076", "area_sqm": 103923.0 }, "geometry": { "type": "Polygon", "coordinates": [ [ [ -78.670489479105058, 35.76743573799078 ], [ -78.671549357479577, 35.769017528199818 ], [ -78.673760168817623, 35.769060331436293 ], [ -78.674911015560113, 35.767521339577669 ], [ -78.673851087085225, 35.765939576913389 ], [ -78.67164036196381, 35.765896778562812 ], [ -78.670489479105058, 35.76743573799078 ] ] ] } },
{ "type": "Feature", "properties": { "cell_id": "H-00077", "area_sqm": 103923.0 }, "geometry": { "type": "Polygon", "coordinates": [ [ [ -78.67039842451382, 35.770556484271182 ], [ -78.671458339003493, 35.772138276013145 ], [ -78.673669236571413, 35.77218108413588 ], [ -78.674820133415366, 35.770642095630215 ], [ -78.673760168817623, 35.769060331436293 ], [ -78.671549357479577, 35.769017528199818 ], [ -78.67039842451382, 35.770556484271182 ] ] ] } },
{ "type": "Feature", "properties": { "cell_id": "H-00078", "area_sqm": 103923.0 }, "geometry": { "type": "Polygon", "coordinates": [ [ [ -78.670307355923043, 35.773677228727664 ], [ -78.671367306533412, 35.775259022002679 ], [ -78.673578290344437, 35.775301835012044 ], [ -78.674729237297555, 35.773762849859601 ], [ -78.673669236571413, 35.77218108413588 ], [ -78.671458339003493, 35.772138276013145 ], [ -78.670307355923043, 35.773677228727664 ] ] ] } },
{ "type": "Feature", "properties": { "cell_id": "H-00079", "area_sqm": 103923.0 }, "geometry": { "type": "Polygon", "coordinates": [ [ [ -78.670216273330581, 35.776797971360118 ], [ -78.671276260067174, 35.778379766168321 ], [ -78.673487330134535, 35.778422584064707 ], [ -78.674638327204519, 35.776883602265713 ], [ -78.673578290344437, 35.775301835012044 ], [ -78.671367306533412, 35.775259022002679 ], [ -78.670216273330581, 35.776797971360118 ] ] ] } },
{ "type": "Feature", "properties": { "cell_id": "H-00080", "area_sqm": 103923.0 }, "geometry": { "type": "Polygon", "coordinates": [ [ [ -78.670125176734217, 35.779918712168431 ], [ -78.671185199602576, 35.781500508509986 ], [ -78.673396355939516, 35.781543331293769 ], [ -78.674547403134085, 35.780004352848444 ], [ -78.673487330134535, 35.778422584064707 ], [ -78.671276260067174, 35.778379766168321 ], [ -78.670125176734217, 35.779918712168431 ] ] ] } },
{ "type": "Feature", "properties": { "cell_id": "H-00081", "area_sqm": 103923.0 }, "geometry": { "type": "Polygon", "coordinates": [ [ [ -78.670034066131791, 35.78303945115254 ], [ -78.671094125137472, 35.784621249027566 ], [ -78.673305367757209, 35.784664076699116 ], [ -78.674456465084077, 35.783125101607709 ], [ -78.673396355939516, 35.781543331293769 ], [ -78.671185199602576, 35.781500508509986 ], [ -78.670034066131791, 35.78303945115254 ] ] ] } },
{ "type": "Feature", "properties": { "cell_id": "H-00082", "area_sqm": 103923.0 }, "geometry": { "type": "Polygon", "coordinates": [ [ [ -78.669942941521157, 35.786160188312344 ], [ -78.671003036669646, 35.787741987720977 ], [ -78.673214365585466, 35.787784820280663 ], [ -78.674365513052308, 35.786245848543409 ], [ -78.673305367757209, 35.784664076699116 ], [ -78.671094125137472, 35.784621249027566 ], [ -78.669942941521157, 35.786160188312344 ] ] ] } },
{ "type": "Feature", "properties": { "cell_id": "H-00083", "area_sqm": 103923.0 }, "geometry": { "type": "Polygon", "coordinates": [ [ [ -78.669851802900112, 35.789280923647723 ], [ -78.670911934196965, 35.79086272459012 ], [ -78.673123349422099, 35.790905562038319 ], [ -78.674274547036646, 35.789366593655451 ], [ -78.673214365585466, 35.787784820280663 ], [ -78.671003036669646, 35.787741987720977 ], [ -78.669851802900112, 35.789280923647723 ] ] ] } },
{ "type": "Feature", "properties": { "cell_id": "H-00084", "area_sqm": 103923.0 }, "geometry": { "type": "Polygon", "coordinates": [ [ [ -78.669760650266483, 35.792401657158607 ], [ -78.670820817717257, 35.79398345963488 ], [ -78.673032319264934, 35.794026301971975 ], [ -78.674183567034888, 35.792487336943736 ], [ -78.673123349422099, 35.790905562038319 ], [ -78.670911934196965, 35.79086272459012 ], [ -78.669760650266483, 35.792401657158607 ] ] ] } },
{ "type": "Feature", "properties": { "cell_id": "H-00085", "area_sqm": 103923.0 }, "geometry": { "type": "Polygon", "coordinates": [ [ [ -78.669669483618122, 35.795522388844866 ], [ -78.670729687228302, 35.797104192855187 ], [ -78.672941275111796, 35.797147040081548 ], [ -78.674092573044859, 35.795608078408172 ], [ -78.673032319264934, 35.794026301971975 ], [ -78.670820817717257, 35.79398345963488 ], [ -78.669669483618122, 35.795522388844866 ] ] ] } },
{ "type": "Feature", "properties": { "cell_id": "H-00086", "area_sqm": 103923.0 }, "geometry": { "type": "Polygon", "coordinates": [ [ [ -78.6695783029528, 35.798643118706437 ], [ -78.670638542727957, 35.800224924250927 ], [ -78.672850216960512, 35.800267776366937 ], [ -78.674001565064415, 35.798728818048644 ], [ -78.672941275111796, 35.797147040081548 ], [ -78.670729687228302, 35.797104192855187 ], [ -78.6695783029528, 35.798643118706437 ] ] ] } },
{ "type": "Feature", "properties": { "cell_id": "H-00087", "area_sqm": 103923.0 }, "geometry": { "type": "Polygon", "coordinates": [ [ [ -78.66948710826837, 35.801763846743228 ], [ -78.670547384214046, 35.803345653822014 ], [ -78.672759144808907, 35.80338851082805 ], [ -78.673910543091367, 35.801849555865083 ], [ -78.672850216960512, 35.800267776366937 ], [ -78.670638542727957, 35.800224924250927 ], [ -78.66948710826837, 35.801763846743228 ] ] ] } },
{ "type": "Feature", "properties": { "cell_id": "H-00088", "area_sqm": 103923.0 }, "geometry": { "type": "Polygon", "coordinates": [ [ [ -78.669395899562659, 35.804884572955103 ], [ -78.670456211684382, 35.806466381568356 ], [ -78.672668058654821, 35.806509243464774 ], [ -78.673819507123525, 35.804970291857387 ], [ -78.672759144808907, 35.80338851082805 ], [ -78.670547384214046, 35.803345653822014 ], [ -78.669395899562659, 35.804884572955103 ] ] ] } },
{ "type": "Feature", "properties": { "cell_id": "H-00089", "area_sqm": 103923.0 }, "geometry": { "type": "Polygon", "coordinates": [ [ [ -78.669304676833477, 35.808005297341992 ], [ -78.670365025136803, 35.80958710748984 ], [ -78.672576958496052, 35.80962997427703 ], [ -78.673728457158745, 35.808091026025444 ], [ -78.672668058654821, 35.806509243464774 ], [ -78.670456211684382, 35.806466381568356 ], [ -78.669304676833477, 35.808005297341992 ] ] ] } },
{ "type": "Feature", "properties": { "cell_id": "H-00090", "area_sqm": 103923.0 }, "geometry": { "type": "Polygon", "coordinates": [ [ [ -78.66921344007865, 35.811126019903803 ], [ -78.670273824569108, 35.812707831586373 ], [ -78.672485844330453, 35.812750703264726 ], [ -78.673637393194838, 35.811211758369168 ], [ -78.672576958496052, 35.80962997427703 ], [ -78.670365025136803, 35.80958710748984 ], [ -78.66921344007865, 35.811126019903803 ] ] ] } },
{ "type": "Feature", "properties": { "cell_id": "H-00091", "area_sqm": 103923.0 }, "geometry": { "type": "Polygon", "coordinates": [ [ [ -78.669122189296004, 35.814246740640428 ], [ -78.670182609979122, 35.81582855385787 ], [ -78.672394716155821, 35.815871430427727 ], [ -78.673546315229615, 35.814332488888468 ], [ -78.672485844330453, 35.812750703264726 ], [ -78.670273824569108, 35.812707831586373 ], [ -78.669122189296004, 35.814246740640428 ] ] ] } },
{ "type": "Feature", "properties": { "cell_id": "H-00092", "area_sqm": 103923.0 }, "geometry": { "type": "Polygon", "coordinates": [ [ [ -78.669030924483337, 35.817367459551768 ], [ -78.670091381364671, 35.818949274304231 ], [ -78.672303573969984, 35.818992155765997 ], [ -78.673455223260916, 35.817453217583235 ], [ -78.672394716155821, 35.815871430427727 ], [ -78.670182609979122, 35.81582855385787 ], [ -78.669030924483337, 35.817367459551768 ] ] ] } },
{ "type": "Feature", "properties": { "cell_id": "H-00093", "area_sqm": 103923.0 }, "geometry": { "type": "Polygon", "coordinates": [ [ [ -78.668939645638503, 35.820488176637745 ], [ -78.67000013872358, 35.822069992925364 ], [ -78.672212417770766, 35.822112879279388 ], [ -78.673364117286567, 35.820573944453372 ], [ -78.672303573969984, 35.818992155765997 ], [ -78.670091381364671, 35.818949274304231 ], [ -78.668939645638503, 35.820488176637745 ] ] ] } },
{ "type": "Feature", "properties": { "cell_id": "H-00094", "area_sqm": 103923.0 }, "geometry": { "type": "Polygon", "coordinates": [ [ [ -78.667947836640053, 35.740845075615731 ], [ -78.669007340182489, 35.742426879547985 ], [ -78.671217412112426, 35.742469702097672 ], [ -78.672367894392366, 35.740930715825307 ], [ -78.671308340805595, 35.739348939406248 ], [ -78.669098354978814, 35.739306121746203 ], [ -78.667947836640053, 35.740845075615731 ] ] ] } },
{ "type": "Feature", "properties": { "cell_id": "H-00095", "area_sqm": 103923.0 }, "geometry": { "type": "Polygon", "coordinates": [ [ [ -78.667856771792813, 35.743965830059167 ], [ -78.668916311392991, 35.745547635526322 ], [ -78.671126469439272, 35.745590462966028 ], [ -78.672277001764641, 35.744051480048405 ], [ -78.671217412112426, 35.742469702097672 ], [ -78.669007340182489, 35.742426879547985 ], [ -78.667856771792813, 35.743965830059167 ] ] ] } },
{ "type": "Feature", "properties": { "cell_id": "H-00096", "area_sqm": 103923.0 }, "geometry": { "type": "Polygon", "coordinates": [ [ [ -78.667765692944656, 35.747086582678932 ], [ -78.668825268608089, 35.748668389681129 ], [ -78.671035512783959, 35.748711222011238 ], [ -78.672186095162417, 35.747172242448563 ], [ -78.671126469439272, 35.745590462966028 ], [ -78.668916311392991, 35.745547635526322 ], [ -78.667765692944656, 35.747086582678932 ] ] ] } },
{ "type": "Feature", "properties": { "cell_id": "H-00097", "area_sqm": 103923.0 }, "geometry": { "type": "Polygon", "coordinates": [ [ [ -78.66767460009342, 35.750207333474904 ], [ -78.668734211825623, 35.751789142012321 ], [ -78.670944542144312, 35.751831979233195 ], [ -78.672095174583561, 35.750293003025718 ], [ -78.671035512783959, 35.748711222011238 ], [ -78.668825268608089, 35.748668389681129 ], [ -78.66767460009342, 35.750207333474904 ] ] ] } },
{ "type": "Feature", "properties": { "cell_id": "H-00098", "area_sqm": 103923.0 }, "geometry": { "type": "Polygon", "coordinates": [ [ [ -78.667583493236947, 35.753328082447027 ], [ -78.668643141043447, 35.754909892519784 ], [ -78.670853557518143, 35.754952734631807 ], [ -78.672004240025913, 35.753413761779754 ], [ -78.670944542144312, 35.751831979233195 ], [ -78.668734211825623, 35.751789142012321 ], [ -78.667583493236947, 35.753328082447027 ] ] ] } },
{ "type": "Feature", "properties": { "cell_id": "H-00099", "area_sqm": 103923.0 }, "geometry": { "type": "Polygon", "coordinates": [ [ [ -78.667492372373047, 35.756448829595193 ], [ -78.668552056259372, 35.758030641203419 ], [ -78.67076255890332, 35.758073488206946 ], [ -78.671913291487272, 35.756534518710581 ], [ -78.670853557518143, 35.754952734631807 ], [ -78.668643141043447, 35.754909892519784 ], [ -78.667492372373047, 35.756448829595193 ] ] ] } },
{ "type": "Feature", "properties": { "cell_id": "H-00100", "area_sqm": 103923.0 }, "geometry": { "type": "Polygon", "coordinates": [ [ [ -78.667401237499547, 35.759569574919297 ], [ -78.668460957471211, 35.761151388063134 ], [ -78.670671546297626, 35.76119423995857 ], [ -78.67182232896549, 35.75965527381809 ], [ -78.67076255890332, 35.758073488206946 ], [ -78.668552056259372, 35.758030641203419 ], [ -78.667401237499547, 35.759569574919297 ] ] ] } },
{ "type": "Feature", "properties": { "cell_id": "H-00101", "area_sqm": 103923.0 }, "geometry": { "type": "Polygon", "coordinates": [ [ [ -78.667310088614272, 35.762690318419253 ], [ -78.668369844676818, 35.764272133098849 ], [ -78.670580519698944, 35.764314989886543 ], [ -78.671731352458394, 35.762776027102198 ], [ -78.670671546297626, 35.76119423995857 ], [ -78.668460957471211, 35.761151388063134 ], [ -78.667310088614272, 35.762690318419253 ] ] ] } },
{ "type": "Feature", "properties": { "cell_id": "H-00102", "area_sqm": 103923.0 }, "geometry": { "type": "Polygon", "coordinates": [ [ [ -78.667218925715048, 35.76581106009494 ], [ -78.668278717874017, 35.767392876310439 ], [ -78.670489479105058, 35.76743573799078 ], [ -78.67164036196381, 35.765896778562812 ], [ -78.670580519698944, 35.764314989886543 ], [ -78.668369844676818, 35.764272133098849 ], [ -78.667218925715048, 35.76581106009494 ] ] ] } },
{ "type": "Feature", "properties": { "cell_id": "H-00103", "area_sqm": 103923.0 }, "geometry": { "type": "Polygon", "coordinates": [ [ [ -78.667127748799714, 35.768931799946287 ], [ -78.668187577060607, 35.770513617697823 ], [ -78.67039842451382, 35.770556484271182 ], [ -78.671549357479577, 35.769017528199818 ], [ -78.670489479105058, 35.76743573799078 ], [ -78.668278717874017, 35.767392876310439 ], [ -78.667127748799714, 35.768931799946287 ] ] ] } },
{ "type": "Feature", "properties": { "cell_id": "H-00104", "area_sqm": 103923.0 }, "geometry": { "type": "Polygon", "coordinates": [ [ [ -78.667036557866084, 35.772052537973195 ], [ -78.668096422234441, 35.773634357260903 ], [ -78.670307355923043, 35.773677228727664 ], [ -78.671458339003493, 35.772138276013145 ], [ -78.67039842451382, 35.770556484271182 ], [ -78.668187577060607, 35.770513617697823 ], [ -78.667036557866084, 35.772052537973195 ] ] ] } },
{ "type": "Feature", "properties": { "cell_id": "H-00105", "area_sqm": 103923.0 }, "geometry": { "type": "Polygon", "coordinates": [ [ [ -78.666945352911981, 35.775173274175557 ], [ -78.668005253393332, 35.776755094999587 ], [ -78.670216273330581, 35.776797971360118 ], [ -78.671367306533412, 35.775259022002679 ], [ -78.670307355923043, 35.773677228727664 ], [ -78.668096422234441, 35.773634357260903 ], [ -78.666945352911981, 35.775173274175557 ] ] ] } },
{ "type": "Feature", "properties": { "cell_id": "H-00106", "area_sqm": 103923.0 }, "geometry": { "type": "Polygon", "coordinates": [ [ [ -78.666854133935232, 35.778294008553281 ], [ -78.667914070535105, 35.77987583091376 ], [ -78.670125176734217, 35.779918712168431 ], [ -78.671276260067174, 35.778379766168321 ], [ -78.670216273330581, 35.776797971360118 ], [ -78.668005253393332, 35.776755094999587 ], [ -78.666854133935232, 35.778294008553281 ] ] ] } },
{ "type": "Feature", "properties": { "cell_id": "H-00107", "area_sqm": 103923.0 }, "geometry": { "type": "Polygon", "coordinates": [ [ [ -78.666762900933648, 35.781414741106289 ], [ -78.66782287365757, 35.782996565003351 ], [ -78.670034066131791, 35.78303945115254 ], [ -78.671185199602576, 35.781500508509986 ], [ -78.670125176734217, 35.779918712168431 ], [ -78.667914070535105, 35.77987583091376 ], [ -78.666762900933648, 35.781414741106289 ] ] ] } },
{ "type": "Feature", "properties": { "cell_id": "H-00108", "area_sqm": 103923.0 }, "geometry": { "type": "Polygon", "coordinates": [ [ [ -78.66667165390507, 35.784535471834438 ], [ -78.667731662758584, 35.786117297268255 ], [ -78.669942941521157, 35.786160188312344 ], [ -78.671094125137472, 35.784621249027566 ], [ -78.670034066131791, 35.78303945115254 ], [ -78.66782287365757, 35.782996565003351 ], [ -78.66667165390507, 35.784535471834438 ] ] ] } },
{ "type": "Feature", "properties": { "cell_id": "H-00109", "area_sqm": 103923.0 }, "geometry": { "type": "Polygon", "coordinates": [ [ [ -78.666580392847294, 35.787656200737665 ], [ -78.667640437835928, 35.789238027708343 ], [ -78.669851802900112, 35.789280923647723 ], [ -78.671003036669646, 35.787741987720977 ], [ -78.669942941521157, 35.786160188312344 ], [ -78.667731662758584, 35.786117297268255 ], [ -78.666580392847294, 35.787656200737665 ] ] ] } },
{ "type": "Feature", "properties": { "cell_id": "H-00110", "area_sqm": 103923.0 }, "geometry": { "type": "Polygon", "coordinates": [ [ [ -78.666489117758175, 35.790776927815884 ], [ -78.667549198887471, 35.79235875632358 ], [ -78.669760650266483, 35.792401657158607 ], [ -78.670911934196965, 35.79086272459012 ], [ -78.669851802900112, 35.789280923647723 ], [ -78.667640437835928, 35.789238027708343 ], [ -78.666489117758175, 35.790776927815884 ] ] ] } },
{ "type": "Feature", "properties": { "cell_id": "H-00111", "area_sqm": 103923.0 }, "geometry": { "type": "Polygon", "coordinates": [ [ [ -78.66639782863551, 35.793897653068967 ], [ -78.667457945910996, 35.795479483113823 ], [ -78.669669483618122, 35.795522388844866 ], [ -78.670820817717257, 35.79398345963488 ], [ -78.669760650266483, 35.792401657158607 ], [ -78.667549198887471, 35.79235875632358 ], [ -78.66639782863551, 35.793897653068967 ] ] ] } },
{ "type": "Feature", "properties": { "cell_id": "H-00112", "area_sqm": 103923.0 }, "geometry": { "type": "Polygon", "coordinates": [ [ [ -78.66630652547714, 35.797018376496851 ], [ -78.66736667890433, 35.798600208078987 ], [ -78.6695783029528, 35.798643118706437 ], [ -78.670729687228302, 35.797104192855187 ], [ -78.669669483618122, 35.795522388844866 ], [ -78.667457945910996, 35.795479483113823 ], [ -78.66630652547714, 35.797018376496851 ] ] ] } },
{ "type": "Feature", "properties": { "cell_id": "H-00113", "area_sqm": 103923.0 }, "geometry": { "type": "Polygon", "coordinates": [ [ [ -78.66621520828086, 35.800139098099407 ], [ -78.667275397865311, 35.801720931218988 ], [ -78.66948710826837, 35.801763846743228 ], [ -78.670638542727957, 35.800224924250927 ], [ -78.6695783029528, 35.798643118706437 ], [ -78.66736667890433, 35.798600208078987 ], [ -78.66621520828086, 35.800139098099407 ] ] ] } },
{ "type": "Feature", "properties": { "cell_id": "H-00114", "area_sqm": 103923.0 }, "geometry": { "type": "Polygon", "coordinates": [ [ [ -78.666123877044498, 35.803259817876565 ], [ -78.667184102791751, 35.804841652533703 ], [ -78.669395899562659, 35.804884572955103 ], [ -78.670547384214046, 35.803345653822014 ], [ -78.66948710826837, 35.801763846743228 ], [ -78.667275397865311, 35.801720931218988 ], [ -78.666123877044498, 35.803259817876565 ] ] ] } },
{ "type": "Feature", "properties": { "cell_id": "H-00115", "area_sqm": 103923.0 }, "geometry": { "type": "Polygon", "coordinates": [ [ [ -78.666032531765865, 35.806380535828204 ], [ -78.667092793681462, 35.807962372023077 ], [ -78.669304676833477, 35.808005297341992 ], [ -78.670456211684382, 35.806466381568356 ], [ -78.669395899562659, 35.804884572955103 ], [ -78.667184102791751, 35.804841652533703 ], [ -78.666032531765865, 35.806380535828204 ] ] ] } },
{ "type": "Feature", "properties": { "cell_id": "H-00116", "area_sqm": 103923.0 }, "geometry": { "type": "Polygon", "coordinates": [ [ [ -78.665941172442814, 35.809501251954259 ], [ -78.66700147053227, 35.811083089686974 ], [ -78.66921344007865, 35.811126019903803 ], [ -78.670365025136803, 35.80958710748984 ], [ -78.669304676833477, 35.808005297341992 ], [ -78.667092793681462, 35.807962372023077 ], [ -78.665941172442814, 35.809501251954259 ] ] ] } },
{ "type": "Feature", "properties": { "cell_id": "H-00117", "area_sqm": 103923.0 }, "geometry": { "type": "Polygon", "coordinates": [ [ [ -78.665849799073115, 35.812621966254603 ], [ -78.666910133341986, 35.814203805525317 ], [ -78.669122189296004, 35.814246740640428 ], [ -78.670273824569108, 35.812707831586373 ], [ -78.66921344007865, 35.811126019903803 ], [ -78.66700147053227, 35.811083089686974 ], [ -78.665849799073115, 35.812621966254603 ] ] ] } },
{ "type": "Feature", "properties": { "cell_id": "H-00118", "area_sqm": 103923.0 }, "geometry": { "type": "Polygon", "coordinates": [ [ [ -78.665758411654622, 35.815742678729144 ], [ -78.666818782108422, 35.817324519537991 ], [ -78.669030924483337, 35.817367459551768 ], [ -78.670182609979122, 35.81582855385787 ], [ -78.669122189296004, 35.814246740640428 ], [ -78.666910133341986, 35.814203805525317 ], [ -78.665758411654622, 35.815742678729144 ] ] ] } },
{ "type": "Feature", "properties": { "cell_id": "H-00119", "area_sqm": 103923.0 }, "geometry": { "type": "Polygon", "coordinates": [ [ [ -78.665667010185118, 35.818863389377796 ], [ -78.666727416829431, 35.820445231724932 ], [ -78.668939645638503, 35.820488176637745 ], [ -78.670091381364671, 35.818949274304231 ], [ -78.669030924483337, 35.817367459551768 ], [ -78.666818782108422, 35.817324519537991 ], [ -78.665667010185118, 35.818863389377796 ] ] ] } },
{ "type": "Feature", "properties": { "cell_id": "H-00120", "area_sqm": 103923.0 }, "geometry": { "type": "Polygon", "coordinates": [ [ [ -78.665575594662457, 35.821984098200481 ], [ -78.666636037502798, 35.823565942086013 ], [ -78.668848352759284, 35.823608891898239 ], [ -78.67000013872358, 35.822069992925364 ], [ -78.668939645638503, 35.820488176637745 ], [ -78.666727416829431, 35.820445231724932 ], [ -78.665575594662457, 35.821984098200481 ] ] ] } },
{ "type": "Feature", "properties": { "cell_id": "H-00121", "area_sqm": 103923.0 }, "geometry": { "type": "Polygon", "coordinates": [ [ [ -78.664678397320685, 35.73922036477861 ], [ -78.665737814761073, 35.740802194683667 ], [ -78.667947836640053, 35.740845075615731 ], [ -78.669098354978814, 35.739306121746203 ], [ -78.668038887488564, 35.73772431934875 ], [ -78.665828951705038, 35.737681443313065 ], [ -78.664678397320685, 35.73922036477861 ] ] ] } },
{ "type": "Feature", "properties": { "cell_id": "H-00122", "area_sqm": 103923.0 }, "geometry": { "type": "Polygon", "coordinates": [ [ [ -78.664587210320263, 35.74234111278723 ], [ -78.665646663805148, 35.743922944230334 ], [ -78.667856771792813, 35.743965830059167 ], [ -78.669007340182489, 35.742426879547985 ], [ -78.667947836640053, 35.740845075615731 ], [ -78.665737814761073, 35.740802194683667 ], [ -78.664587210320263, 35.74234111278723 ] ] ] } },
{ "type": "Feature", "properties": { "cell_id": "H-00123", "area_sqm": 103923.0 }, "geometry": { "type": "Polygon", "coordinates": [ [ [ -78.66449600930018, 35.745461858971659 ], [ -78.665555498835118, 35.747043691952939 ], [ -78.667765692944656, 35.747086582678932 ], [ -78.668916311392991, 35.745547635526322 ], [ -78.667856771792813, 35.743965830059167 ], [ -78.665646663805148, 35.743922944230334 ], [ -78.66449600930018, 35.745461858971659 ] ] ] } },
{ "type": "Feature", "properties": { "cell_id": "H-00124", "area_sqm": 103923.0 }, "geometry": { "type": "Polygon", "coordinates": [ [ [ -78.664404794258289, 35.748582603331812 ], [ -78.66546431984878, 35.750164437851403 ], [ -78.66767460009342, 35.750207333474904 ], [ -78.668825268608089, 35.748668389681129 ], [ -78.667765692944656, 35.747086582678932 ], [ -78.665555498835118, 35.747043691952939 ], [ -78.664404794258289, 35.748582603331812 ] ] ] } },
{ "type": "Feature", "properties": { "cell_id": "H-00125", "area_sqm": 103923.0 }, "geometry": { "type": "Polygon", "coordinates": [ [ [ -78.664313565192401, 35.751703345867583 ], [ -78.665373126843974, 35.753285181925634 ], [ -78.667583493236947, 35.753328082447027 ], [ -78.668734211825623, 35.751789142012321 ], [ -78.66767460009342, 35.750207333474904 ], [ -78.66546431984878, 35.750164437851403 ], [ -78.664313565192401, 35.751703345867583 ] ] ] } },
{ "type": "Feature", "properties": { "cell_id": "H-00126", "area_sqm": 103923.0 }, "geometry": { "type": "Polygon", "coordinates": [ [ [ -78.664222322100358, 35.754824086578878 ], [ -78.665281919818526, 35.756405924175525 ], [ -78.667492372373047, 35.756448829595193 ], [ -78.668643141043447, 35.754909892519784 ], [ -78.667583493236947, 35.753328082447027 ], [ -78.665373126843974, 35.753285181925634 ], [ -78.664222322100358, 35.754824086578878 ] ] ] } },
{ "type": "Feature", "properties": { "cell_id": "H-00127", "area_sqm": 103923.0 }, "geometry": { "type": "Polygon", "coordinates": [ [ [ -78.664131064979955, 35.757944825465586 ], [ -78.665190698770246, 35.759526664600976 ], [ -78.667401237499547, 35.759569574919297 ], [ -78.668552056259372, 35.758030641203419 ], [ -78.667492372373047, 35.756448829595193 ], [ -78.665281919818526, 35.756405924175525 ], [ -78.664131064979955, 35.757944825465586 ] ] ] } },
{ "type": "Feature", "properties": { "cell_id": "H-00128", "area_sqm": 103923.0 }, "geometry": { "type": "Polygon", "coordinates": [ [ [ -78.664039793829033, 35.761065562527641 ], [ -78.665099463696976, 35.762647403201896 ], [ -78.667310088614272, 35.762690318419253 ], [ -78.668460957471211, 35.761151388063134 ], [ -78.667401237499547, 35.759569574919297 ], [ -78.665190698770246, 35.759526664600976 ], [ -78.664039793829033, 35.761065562527641 ] ] ] } },
{ "type": "Feature", "properties": { "cell_id": "H-00129", "area_sqm": 103923.0 }, "geometry": { "type": "Polygon", "coordinates": [ [ [ -78.663948508645419, 35.764186297764923 ], [ -78.665008214596526, 35.765768139978199 ], [ -78.667218925715048, 35.76581106009494 ], [ -78.668369844676818, 35.764272133098849 ], [ -78.667310088614272, 35.762690318419253 ], [ -78.665099463696976, 35.762647403201896 ], [ -78.663948508645419, 35.764186297764923 ] ] ] } },
{ "type": "Feature", "properties": { "cell_id": "H-00130", "area_sqm": 103923.0 }, "geometry": { "type": "Polygon", "coordinates": [ [ [ -78.663857209426922, 35.767307031177346 ], [ -78.664916951466722, 35.768888874929772 ], [ -78.667127748799714, 35.768931799946287 ], [ -78.668278717874017, 35.767392876310439 ], [ -78.667218925715048, 35.76581106009494 ], [ -78.665008214596526, 35.765768139978199 ], [ -78.663857209426922, 35.767307031177346 ] ] ] } },
{ "type": "Feature", "properties": { "cell_id": "H-00131", "area_sqm": 103923.0 }, "geometry": { "type": "Polygon", "coordinates": [ [ [ -78.66376589617137, 35.770427762764804 ], [ -78.664825674305405, 35.772009608056521 ], [ -78.667036557866084, 35.772052537973195 ], [ -78.668187577060607, 35.770513617697823 ], [ -78.667127748799714, 35.768931799946287 ], [ -78.664916951466722, 35.768888874929772 ], [ -78.66376589617137, 35.770427762764804 ] ] ] } },
{ "type": "Feature", "properties": { "cell_id": "H-00132", "area_sqm": 103923.0 }, "geometry": { "type": "Polygon", "coordinates": [ [ [ -78.663674568876573, 35.773548492527198 ], [ -78.664734383110371, 35.775130339358356 ], [ -78.666945352911981, 35.775173274175557 ], [ -78.668096422234441, 35.773634357260903 ], [ -78.667036557866084, 35.772052537973195 ], [ -78.664825674305405, 35.772009608056521 ], [ -78.663674568876573, 35.773548492527198 ] ] ] } },
{ "type": "Feature", "properties": { "cell_id": "H-00133", "area_sqm": 103923.0 }, "geometry": { "type": "Polygon", "coordinates": [ [ [ -78.663583227540371, 35.776669220464456 ], [ -78.664643077879461, 35.778251068835189 ], [ -78.666854133935232, 35.778294008553281 ], [ -78.668005253393332, 35.776755094999587 ], [ -78.666945352911981, 35.775173274175557 ], [ -78.664734383110371, 35.775130339358356 ], [ -78.663583227540371, 35.776669220464456 ] ] ] } },
{ "type": "Feature", "properties": { "cell_id": "H-00134", "area_sqm": 103923.0 }, "geometry": { "type": "Polygon", "coordinates": [ [ [ -78.663491872160577, 35.77978994657645 ], [ -78.664551758610486, 35.781371796486894 ], [ -78.666762900933648, 35.781414741106289 ], [ -78.667914070535105, 35.77987583091376 ], [ -78.666854133935232, 35.778294008553281 ], [ -78.664643077879461, 35.778251068835189 ], [ -78.663491872160577, 35.77978994657645 ] ] ] } },
{ "type": "Feature", "properties": { "cell_id": "H-00135", "area_sqm": 103923.0 }, "geometry": { "type": "Polygon", "coordinates": [ [ [ -78.663400502735001, 35.782910670863096 ], [ -78.664460425301243, 35.7844925223134 ], [ -78.66667165390507, 35.784535471834438 ], [ -78.66782287365757, 35.782996565003351 ], [ -78.666762900933648, 35.781414741106289 ], [ -78.664551758610486, 35.781371796486894 ], [ -78.663400502735001, 35.782910670863096 ] ] ] } },
{ "type": "Feature", "properties": { "cell_id": "H-00136", "area_sqm": 103923.0 }, "geometry": { "type": "Polygon", "coordinates": [ [ [ -78.663309119261484, 35.786031393324308 ], [ -78.664369077949601, 35.787613246314599 ], [ -78.666580392847294, 35.787656200737665 ], [ -78.667731662758584, 35.786117297268255 ], [ -78.66667165390507, 35.784535471834438 ], [ -78.664460425301243, 35.7844925223134 ], [ -78.663309119261484, 35.786031393324308 ] ] ] } },
{ "type": "Feature", "properties": { "cell_id": "H-00137", "area_sqm": 103923.0 }, "geometry": { "type": "Polygon", "coordinates": [ [ [ -78.663217721737823, 35.789152113959965 ], [ -78.664277716553343, 35.790733968490414 ], [ -78.666489117758175, 35.790776927815884 ], [ -78.667640437835928, 35.789238027708343 ], [ -78.666580392847294, 35.787656200737665 ], [ -78.664369077949601, 35.787613246314599 ], [ -78.663217721737823, 35.789152113959965 ] ] ] } },
{ "type": "Feature", "properties": { "cell_id": "H-00138", "area_sqm": 103923.0 }, "geometry": { "type": "Polygon", "coordinates": [ [ [ -78.663126310161843, 35.79227283277001 ], [ -78.664186341110309, 35.793854688840717 ], [ -78.66639782863551, 35.793897653068967 ], [ -78.667549198887471, 35.79235875632358 ], [ -78.666489117758175, 35.790776927815884 ], [ -78.664277716553343, 35.790733968490414 ], [ -78.663126310161843, 35.79227283277001 ] ] ] } },
{ "type": "Feature", "properties": { "cell_id": "H-00139", "area_sqm": 103923.0 }, "geometry": { "type": "Polygon", "coordinates": [ [ [ -78.663034884531356, 35.795393549754301 ], [ -78.664094951618296, 35.79697540736543 ], [ -78.66630652547714, 35.797018376496851 ], [ -78.667457945910996, 35.795479483113823 ], [ -78.66639782863551, 35.793897653068967 ], [ -78.664186341110309, 35.793854688840717 ], [ -78.663034884531356, 35.795393549754301 ] ] ] } },
{ "type": "Feature", "properties": { "cell_id": "H-00140", "area_sqm": 103923.0 }, "geometry": { "type": "Polygon", "coordinates": [ [ [ -78.662943444844188, 35.798514264912768 ], [ -78.664003548075129, 35.800096124064439 ], [ -78.66621520828086, 35.800139098099407 ], [ -78.66736667890433, 35.798600208078987 ], [ -78.66630652547714, 35.797018376496851 ], [ -78.664094951618296, 35.79697540736543 ], [ -78.662943444844188, 35.798514264912768 ] ] ] } },
{ "type": "Feature", "properties": { "cell_id": "H-00141", "area_sqm": 103923.0 }, "geometry": { "type": "Polygon", "coordinates": [ [ [ -78.662851991098151, 35.801634978245303 ], [ -78.66391213047865, 35.803216838937679 ], [ -78.666123877044498, 35.803259817876565 ], [ -78.667275397865311, 35.801720931218988 ], [ -78.66621520828086, 35.800139098099407 ], [ -78.664003548075129, 35.800096124064439 ], [ -78.662851991098151, 35.801634978245303 ] ] ] } },
{ "type": "Feature", "properties": { "cell_id": "H-00142", "area_sqm": 103923.0 }, "geometry": { "type": "Polygon", "coordinates": [ [ [ -78.66276052329107, 35.804755689751822 ], [ -78.66382069882664, 35.806337551985031 ], [ -78.666032531765865, 35.806380535828204 ], [ -78.667184102791751, 35.804841652533703 ], [ -78.666123877044498, 35.803259817876565 ], [ -78.66391213047865, 35.803216838937679 ], [ -78.66276052329107, 35.804755689751822 ] ] ] } },
{ "type": "Feature", "properties": { "cell_id": "H-00143", "area_sqm": 103923.0 }, "geometry": { "type": "Polygon", "coordinates": [ [ [ -78.662669041420742, 35.807876399432224 ], [ -78.663729253116912, 35.809458263206409 ], [ -78.665941172442814, 35.809501251954259 ], [ -78.667092793681462, 35.807962372023077 ], [ -78.666032531765865, 35.806380535828204 ], [ -78.66382069882664, 35.806337551985031 ], [ -78.662669041420742, 35.807876399432224 ] ] ] } },
{ "type": "Feature", "properties": { "cell_id": "H-00144", "area_sqm": 103923.0 }, "geometry": { "type": "Polygon", "coordinates": [ [ [ -78.662577545484993, 35.810997107286397 ], [ -78.66363779334732, 35.812578972601706 ], [ -78.665849799073115, 35.812621966254603 ], [ -78.66700147053227, 35.811083089686974 ], [ -78.665941172442814, 35.809501251954259 ], [ -78.663729253116912, 35.809458263206409 ], [ -78.662577545484993, 35.810997107286397 ] ] ] } },
{ "type": "Feature", "properties": { "cell_id": "H-00145", "area_sqm": 103923.0 }, "geometry": { "type": "Polygon", "coordinates": [ [ [ -78.662486035481635, 35.814117813314276 ], [ -78.66354631951566, 35.81569968017083 ], [ -78.665758411654622, 35.815742678729144 ], [ -78.666910133341986, 35.814203805525317 ], [ -78.665849799073115, 35.812621966254603 ], [ -78.66363779334732, 35.812578972601706 ], [ -78.662486035481635, 35.814117813314276 ] ] ] } },
{ "type": "Feature", "properties": { "cell_id": "H-00146", "area_sqm": 103923.0 }, "geometry": { "type": "Polygon", "coordinates": [ [ [ -78.662394511408493, 35.817238517515726 ], [ -78.663454831619731, 35.818820385913689 ], [ -78.665667010185118, 35.818863389377796 ], [ -78.666818782108422, 35.817324519537991 ], [ -78.665758411654622, 35.815742678729144 ], [ -78.66354631951566, 35.81569968017083 ], [ -78.662394511408493, 35.817238517515726 ] ] ] } },
{ "type": "Feature", "properties": { "cell_id": "H-00147", "area_sqm": 103923.0 }, "geometry": { "type": "Polygon", "coordinates": [ [ [ -78.662302973263351, 35.820359219890683 ], [ -78.663363329657358, 35.821941089830183 ], [ -78.665575594662457, 35.821984098200481 ], [ -78.666727416829431, 35.820445231724932 ], [ -78.665667010185118, 35.818863389377796 ], [ -78.663454831619731, 35.818820385913689 ], [ -78.662302973263351, 35.820359219890683 ] ] ] } },
{ "type": "Feature", "properties": { "cell_id": "H-00148", "area_sqm": 103923.0 }, "geometry": { "type": "Polygon", "coordinates": [ [ [ -78.661317785019435, 35.740716311166324 ], [ -78.662377152396743, 35.742298168576717 ], [ -78.664587210320263, 35.74234111278723 ], [ -78.665737814761073, 35.740802194683667 ], [ -78.664678397320685, 35.73922036477861 ], [ -78.662468425498162, 35.739177425471617 ], [ -78.661317785019435, 35.740716311166324 ] ] ] } },
{ "type": "Feature", "properties": { "cell_id": "H-00149", "area_sqm": 103923.0 }, "geometry": { "type": "Polygon", "coordinates": [ [ [ -78.661226461848358, 35.743837050905576 ], [ -78.66228586526249, 35.745418909857257 ], [ -78.66449600930018, 35.745461858971659 ], [ -78.665646663805148, 35.743922944230334 ], [ -78.664587210320263, 35.74234111278723 ], [ -78.662377152396743, 35.742298168576717 ], [ -78.661226461848358, 35.743837050905576 ] ] ] } },
{ "type": "Feature", "properties": { "cell_id": "H-00150", "area_sqm": 103923.0 }, "geometry": { "type": "Polygon", "coordinates": [ [ [ -78.661135124636715, 35.746957788820026 ], [ -78.662194564093198, 35.74853964931313 ], [ -78.664404794258289, 35.748582603331812 ], [ -78.665555498835118, 35.747043691952939 ], [ -78.66449600930018, 35.745461858971659 ], [ -78.66228586526249, 35.745418909857257 ], [ -78.661135124636715, 35.746957788820026 ] ] ] } },
{ "type": "Feature", "properties": { "cell_id": "H-00151", "area_sqm": 103923.0 }, "geometry": { "type": "Polygon", "coordinates": [ [ [ -78.661043773382346, 35.750078524909576 ], [ -78.66210324888668, 35.751660386944259 ], [ -78.664313565192401, 35.751703345867583 ], [ -78.66546431984878, 35.750164437851403 ], [ -78.664404794258289, 35.748582603331812 ], [ -78.662194564093198, 35.74853964931313 ], [ -78.661043773382346, 35.750078524909576 ] ] ] } },
{ "type": "Feature", "properties": { "cell_id": "H-00152", "area_sqm": 103923.0 }, "geometry": { "type": "Polygon", "coordinates": [ [ [ -78.660952408083062, 35.753199259174124 ], [ -78.662011919640776, 35.754781122750529 ], [ -78.664222322100358, 35.754824086578878 ], [ -78.665373126843974, 35.753285181925634 ], [ -78.664313565192401, 35.751703345867583 ], [ -78.66210324888668, 35.751660386944259 ], [ -78.660952408083062, 35.753199259174124 ] ] ] } },
{ "type": "Feature", "properties": { "cell_id": "H-00153", "area_sqm": 103923.0 }, "geometry": { "type": "Polygon", "coordinates": [ [ [ -78.66086102873669, 35.756319991613594 ], [ -78.661920576353296, 35.757901856731849 ], [ -78.664131064979955, 35.757944825465586 ], [ -78.665281919818526, 35.756405924175525 ], [ -78.664222322100358, 35.754824086578878 ], [ -78.662011919640776, 35.754781122750529 ], [ -78.66086102873669, 35.756319991613594 ] ] ] } },
{ "type": "Feature", "properties": { "cell_id": "H-00154", "area_sqm": 103923.0 }, "geometry": { "type": "Polygon", "coordinates": [ [ [ -78.660769635341055, 35.759440722227872 ], [ -78.661829219022096, 35.761022588888117 ], [ -78.664039793829033, 35.761065562527641 ], [ -78.665190698770246, 35.759526664600976 ], [ -78.664131064979955, 35.757944825465586 ], [ -78.661920576353296, 35.757901856731849 ], [ -78.660769635341055, 35.759440722227872 ] ] ] } },
{ "type": "Feature", "properties": { "cell_id": "H-00155", "area_sqm": 103923.0 }, "geometry": { "type": "Polygon", "coordinates": [ [ [ -78.660678227893953, 35.762561451016865 ], [ -78.661737847644943, 35.764143319219258 ], [ -78.663948508645419, 35.764186297764923 ], [ -78.665099463696976, 35.762647403201896 ], [ -78.664039793829033, 35.761065562527641 ], [ -78.661829219022096, 35.761022588888117 ], [ -78.660678227893953, 35.762561451016865 ] ] ] } },
{ "type": "Feature", "properties": { "cell_id": "H-00156", "area_sqm": 103923.0 }, "geometry": { "type": "Polygon", "coordinates": [ [ [ -78.660586806393241, 35.76568217798048 ], [ -78.661646462219693, 35.767264047725135 ], [ -78.663857209426922, 35.767307031177346 ], [ -78.665008214596526, 35.765768139978199 ], [ -78.663948508645419, 35.764186297764923 ], [ -78.661737847644943, 35.764143319219258 ], [ -78.660586806393241, 35.76568217798048 ] ] ] } },
{ "type": "Feature", "properties": { "cell_id": "H-00157", "area_sqm": 103923.0 }, "geometry": { "type": "Polygon", "coordinates": [ [ [ -78.660495370836699, 35.768802903118626 ], [ -78.661555062744142, 35.770384774405692 ], [ -78.66376589617137, 35.770427762764804 ], [ -78.664916951466722, 35.768888874929772 ], [ -78.663857209426922, 35.767307031177346 ], [ -78.661646462219693, 35.767264047725135 ], [ -78.660495370836699, 35.768802903118626 ] ] ] } },
{ "type": "Feature", "properties": { "cell_id": "H-00158", "area_sqm": 103923.0 }, "geometry": { "type": "Polygon", "coordinates": [ [ [ -78.660403921222183, 35.771923626431189 ], [ -78.661463649216145, 35.773505499260807 ], [ -78.663674568876573, 35.773548492527198 ], [ -78.664825674305405, 35.772009608056521 ], [ -78.66376589617137, 35.770427762764804 ], [ -78.661555062744142, 35.770384774405692 ], [ -78.660403921222183, 35.771923626431189 ] ] ] } },
{ "type": "Feature", "properties": { "cell_id": "H-00159", "area_sqm": 103923.0 }, "geometry": { "type": "Polygon", "coordinates": [ [ [ -78.660312457547462, 35.775044347918076 ], [ -78.661372221633471, 35.776626222290403 ], [ -78.663583227540371, 35.776669220464456 ], [ -78.664734383110371, 35.775130339358356 ], [ -78.663674568876573, 35.773548492527198 ], [ -78.661463649216145, 35.773505499260807 ], [ -78.660312457547462, 35.775044347918076 ] ] ] } },
{ "type": "Feature", "properties": { "cell_id": "H-00160", "area_sqm": 103923.0 }, "geometry": { "type": "Polygon", "coordinates": [ [ [ -78.660220979810404, 35.778165067579202 ], [ -78.661280779993987, 35.779746943494359 ], [ -78.663491872160577, 35.77978994657645 ], [ -78.664643077879461, 35.778251068835189 ], [ -78.663583227540371, 35.776669220464456 ], [ -78.661372221633471, 35.776626222290403 ], [ -78.660220979810404, 35.778165067579202 ] ] ] } },
{ "type": "Feature", "properties": { "cell_id": "H-00161", "area_sqm": 103923.0 }, "geometry": { "type": "Polygon", "coordinates": [ [ [ -78.660129488008792, 35.781285785414482 ], [ -78.661189324295492, 35.782867662872597 ], [ -78.663400502735001, 35.782910670863096 ], [ -78.664551758610486, 35.781371796486894 ], [ -78.663491872160577, 35.77978994657645 ], [ -78.661280779993987, 35.779746943494359 ], [ -78.660129488008792, 35.781285785414482 ] ] ] } },
{ "type": "Feature", "properties": { "cell_id": "H-00162", "area_sqm": 103923.0 }, "geometry": { "type": "Polygon", "coordinates": [ [ [ -78.660037982140466, 35.784406501423774 ], [ -78.661097854535782, 35.785988380425017 ], [ -78.663309119261484, 35.786031393324308 ], [ -78.664460425301243, 35.7844925223134 ], [ -78.663400502735001, 35.782910670863096 ], [ -78.661189324295492, 35.782867662872597 ], [ -78.660037982140466, 35.784406501423774 ] ] ] } },
{ "type": "Feature", "properties": { "cell_id": "H-00163", "area_sqm": 103923.0 }, "geometry": { "type": "Polygon", "coordinates": [ [ [ -78.659946462203223, 35.787527215607007 ], [ -78.661006370712713, 35.78910909615152 ], [ -78.663217721737823, 35.789152113959965 ], [ -78.664369077949601, 35.787613246314599 ], [ -78.663309119261484, 35.786031393324308 ], [ -78.661097854535782, 35.785988380425017 ], [ -78.659946462203223, 35.787527215607007 ] ] ] } },
{ "type": "Feature", "properties": { "cell_id": "H-00164", "area_sqm": 103923.0 }, "geometry": { "type": "Polygon", "coordinates": [ [ [ -78.659854928194889, 35.790647927964109 ], [ -78.660914872824065, 35.792229810052 ], [ -78.663126310161843, 35.79227283277001 ], [ -78.664277716553343, 35.790733968490414 ], [ -78.663217721737823, 35.789152113959965 ], [ -78.661006370712713, 35.78910909615152 ], [ -78.659854928194889, 35.790647927964109 ] ] ] } },
{ "type": "Feature", "properties": { "cell_id": "H-00165", "area_sqm": 103923.0 }, "geometry": { "type": "Polygon", "coordinates": [ [ [ -78.659763380113262, 35.793768638494946 ], [ -78.660823360867667, 35.795350522126377 ], [ -78.663034884531356, 35.795393549754301 ], [ -78.664186341110309, 35.793854688840717 ], [ -78.663126310161843, 35.79227283277001 ], [ -78.660914872824065, 35.792229810052 ], [ -78.659763380113262, 35.793768638494946 ] ] ] } },
{ "type": "Feature", "properties": { "cell_id": "H-00166", "area_sqm": 103923.0 }, "geometry": { "type": "Polygon", "coordinates": [ [ [ -78.65967181795618, 35.796889347199453 ], [ -78.660731834841343, 35.798471232374546 ], [ -78.662943444844188, 35.798514264912768 ], [ -78.664094951618296, 35.79697540736543 ], [ -78.663034884531356, 35.795393549754301 ], [ -78.660823360867667, 35.795350522126377 ], [ -78.65967181795618, 35.796889347199453 ] ] ] } },
{ "type": "Feature", "properties": { "cell_id": "H-00167", "area_sqm": 103923.0 }, "geometry": { "type": "Polygon", "coordinates": [ [ [ -78.659580241721443, 35.800010054077497 ], [ -78.66064029474289, 35.801591940796406 ], [ -78.662851991098151, 35.801634978245303 ], [ -78.664003548075129, 35.800096124064439 ], [ -78.662943444844188, 35.798514264912768 ], [ -78.660731834841343, 35.798471232374546 ], [ -78.659580241721443, 35.800010054077497 ] ] ] } },
{ "type": "Feature", "properties": { "cell_id": "H-00168", "area_sqm": 103923.0 }, "geometry": { "type": "Polygon", "coordinates": [ [ [ -78.659488651406861, 35.80313075912899 ], [ -78.660548740570135, 35.804712647391874 ], [ -78.66276052329107, 35.804755689751822 ], [ -78.66391213047865, 35.803216838937679 ], [ -78.662851991098151, 35.801634978245303 ], [ -78.66064029474289, 35.801591940796406 ], [ -78.659488651406861, 35.80313075912899 ] ] ] } },
{ "type": "Feature", "properties": { "cell_id": "H-00169", "area_sqm": 103923.0 }, "geometry": { "type": "Polygon", "coordinates": [ [ [ -78.659397047010259, 35.806251462353863 ], [ -78.660457172320875, 35.807833352160834 ], [ -78.662669041420742, 35.807876399432224 ], [ -78.66382069882664, 35.806337551985031 ], [ -78.66276052329107, 35.804755689751822 ], [ -78.660548740570135, 35.804712647391874 ], [ -78.659397047010259, 35.806251462353863 ] ] ] } },
{ "type": "Feature", "properties": { "cell_id": "H-00170", "area_sqm": 103923.0 }, "geometry": { "type": "Polygon", "coordinates": [ [ [ -78.659305428529436, 35.809372163752002 ], [ -78.660365589992949, 35.810954055103217 ], [ -78.662577545484993, 35.810997107286397 ], [ -78.663729253116912, 35.809458263206409 ], [ -78.662669041420742, 35.807876399432224 ], [ -78.660457172320875, 35.807833352160834 ], [ -78.659305428529436, 35.809372163752002 ] ] ] } },
{ "type": "Feature", "properties": { "cell_id": "H-00171", "area_sqm": 103923.0 }, "geometry": { "type": "Polygon", "coordinates": [ [ [ -78.659213795962216, 35.812492863323307 ], [ -78.660273993584156, 35.814074756218901 ], [ -78.662486035481635, 35.814117813314276 ], [ -78.66363779334732, 35.812578972601706 ], [ -78.662577545484993, 35.810997107286397 ], [ -78.660365589992949, 35.810954055103217 ], [ -78.659213795962216, 35.812492863323307 ] ] ] } },
{ "type": "Feature", "properties": { "cell_id": "H-00172", "area_sqm": 103923.0 }, "geometry": { "type": "Polygon", "coordinates": [ [ [ -78.659122149306398, 35.815613561067678 ], [ -78.660182383092305, 35.817195455507786 ], [ -78.662394511408493, 35.817238517515726 ], [ -78.66354631951566, 35.81569968017083 ], [ -78.662486035481635, 35.814117813314276 ], [ -78.660273993584156, 35.814074756218901 ], [ -78.659122149306398, 35.815613561067678 ] ] ] } },
{ "type": "Feature", "properties": { "cell_id": "H-00173", "area_sqm": 103923.0 }, "geometry": { "type": "Polygon", "coordinates": [ [ [ -78.659030488559807, 35.818734256985032 ], [ -78.660090758515196, 35.820316152969802 ], [ -78.662302973263351, 35.820359219890683 ], [ -78.663454831619731, 35.818820385913689 ], [ -78.662394511408493, 35.817238517515726 ], [ -78.660182383092305, 35.817195455507786 ], [ -78.659030488559807, 35.818734256985032 ] ] ] } },
{ "type": "Feature", "properties": { "cell_id": "H-00174", "area_sqm": 103923.0 }, "geometry": { "type": "Polygon", "coordinates": [ [ [ -78.658938813720226, 35.821854951075267 ], [ -78.659999119850667, 35.823436848604835 ], [ -78.662211421044063, 35.823479920439034 ], [ -78.663363329657358, 35.821941089830183 ], [ -78.662302973263351, 35.820359219890683 ], [ -78.660090758515196, 35.820316152969802 ], [ -78.658938813720226, 35.821854951075267 ] ] ] } },
{ "type": "Feature", "properties": { "cell_id": "H-00175", "area_sqm": 103923.0 }, "geometry": { "type": "Polygon", "coordinates": [ [ [ -78.658048495888195, 35.739091425212628 ], [ -78.659107777165602, 35.74067330858162 ], [ -78.661317785019435, 35.740716311166324 ], [ -78.662468425498162, 35.739177425471617 ], [ -78.661409094152148, 35.737595569602398 ], [ -78.659199172391595, 35.737552571927949 ], [ -78.658048495888195, 35.739091425212628 ] ] ] } },
{ "type": "Feature", "properties": { "cell_id": "H-00176", "area_sqm": 103923.0 }, "geometry": { "type": "Polygon", "coordinates": [ [ [ -78.657957050587001, 35.742212158496812 ], [ -78.659016367888043, 35.743794043410219 ], [ -78.661226461848358, 35.743837050905576 ], [ -78.662377152396743, 35.742298168576717 ], [ -78.661317785019435, 35.740716311166324 ], [ -78.659107777165602, 35.74067330858162 ], [ -78.657957050587001, 35.742212158496812 ] ] ] } },
{ "type": "Feature", "properties": { "cell_id": "H-00177", "area_sqm": 103923.0 }, "geometry": { "type": "Polygon", "coordinates": [ [ [ -78.657865591226539, 35.745332889955677 ], [ -78.658924944556688, 35.746914776413639 ], [ -78.661135124636715, 35.746957788820026 ], [ -78.66228586526249, 35.745418909857257 ], [ -78.661226461848358, 35.743837050905576 ], [ -78.659016367888043, 35.743794043410219 ], [ -78.657865591226539, 35.745332889955677 ] ] ] } },
{ "type": "Feature", "properties": { "cell_id": "H-00178", "area_sqm": 103923.0 }, "geometry": { "type": "Polygon", "coordinates": [ [ [ -78.657774117804607, 35.748453619589128 ], [ -78.65883350716939, 35.750035507591789 ], [ -78.661043773382346, 35.750078524909576 ], [ -78.662194564093198, 35.74853964931313 ], [ -78.661135124636715, 35.746957788820026 ], [ -78.658924944556688, 35.746914776413639 ], [ -78.657774117804607, 35.748453619589128 ] ] ] } },
{ "type": "Feature", "properties": { "cell_id": "H-00179", "area_sqm": 103923.0 }, "geometry": { "type": "Polygon", "coordinates": [ [ [ -78.657682630319016, 35.751574347397089 ], [ -78.658742055723962, 35.753156236944569 ], [ -78.660952408083062, 35.753199259174124 ], [ -78.66210324888668, 35.751660386944259 ], [ -78.661043773382346, 35.750078524909576 ], [ -78.65883350716939, 35.750035507591789 ], [ -78.657682630319016, 35.751574347397089 ] ] ] } },
{ "type": "Feature", "properties": { "cell_id": "H-00180", "area_sqm": 103923.0 }, "geometry": { "type": "Polygon", "coordinates": [ [ [ -78.657591128767606, 35.754695073379438 ], [ -78.658650590218215, 35.75627696447188 ], [ -78.66086102873669, 35.756319991613594 ], [ -78.662011919640776, 35.754781122750529 ], [ -78.660952408083062, 35.753199259174124 ], [ -78.658742055723962, 35.753156236944569 ], [ -78.657591128767606, 35.754695073379438 ] ] ] } },
{ "type": "Feature", "properties": { "cell_id": "H-00181", "area_sqm": 103923.0 }, "geometry": { "type": "Polygon", "coordinates": [ [ [ -78.657499613148161, 35.757815797536061 ], [ -78.658559110649975, 35.759397690173643 ], [ -78.660769635341055, 35.759440722227872 ], [ -78.661920576353296, 35.757901856731849 ], [ -78.66086102873669, 35.756319991613594 ], [ -78.658650590218215, 35.75627696447188 ], [ -78.657499613148161, 35.757815797536061 ] ] ] } },
{ "type": "Feature", "properties": { "cell_id": "H-00182", "area_sqm": 103923.0 }, "geometry": { "type": "Polygon", "coordinates": [ [ [ -78.657408083458535, 35.760936519866895 ], [ -78.658467617017067, 35.762518414049723 ], [ -78.660678227893953, 35.762561451016865 ], [ -78.661829219022096, 35.761022588888117 ], [ -78.660769635341055, 35.759440722227872 ], [ -78.658559110649975, 35.759397690173643 ], [ -78.657408083458535, 35.760936519866895 ] ] ] } },
{ "type": "Feature", "properties": { "cell_id": "H-00183", "area_sqm": 103923.0 }, "geometry": { "type": "Polygon", "coordinates": [ [ [ -78.657316539696509, 35.764057240371848 ], [ -78.658376109317302, 35.765639136100063 ], [ -78.660586806393241, 35.76568217798048 ], [ -78.661737847644943, 35.764143319219258 ], [ -78.660678227893953, 35.762561451016865 ], [ -78.658467617017067, 35.762518414049723 ], [ -78.657316539696509, 35.764057240371848 ] ] ] } },
{ "type": "Feature", "properties": { "cell_id": "H-00184", "area_sqm": 103923.0 }, "geometry": { "type": "Polygon", "coordinates": [ [ [ -78.65722498185994, 35.767177959050784 ], [ -78.658284587548479, 35.768759856324536 ], [ -78.660495370836699, 35.768802903118626 ], [ -78.661646462219693, 35.767264047725135 ], [ -78.660586806393241, 35.76568217798048 ], [ -78.658376109317302, 35.765639136100063 ], [ -78.65722498185994, 35.767177959050784 ] ] ] } },
{ "type": "Feature", "properties": { "cell_id": "H-00185", "area_sqm": 103923.0 }, "geometry": { "type": "Polygon", "coordinates": [ [ [ -78.657133409946596, 35.770298675903639 ], [ -78.658193051708437, 35.771880574723063 ], [ -78.660403921222183, 35.771923626431189 ], [ -78.661555062744142, 35.770384774405692 ], [ -78.660495370836699, 35.768802903118626 ], [ -78.658284587548479, 35.768759856324536 ], [ -78.657133409946596, 35.770298675903639 ] ] ] } },
{ "type": "Feature", "properties": { "cell_id": "H-00186", "area_sqm": 103923.0 }, "geometry": { "type": "Polygon", "coordinates": [ [ [ -78.657041823954344, 35.773419390930314 ], [ -78.658101501794988, 35.775001291295538 ], [ -78.660312457547462, 35.775044347918076 ], [ -78.661463649216145, 35.773505499260807 ], [ -78.660403921222183, 35.771923626431189 ], [ -78.658193051708437, 35.771880574723063 ], [ -78.657041823954344, 35.773419390930314 ] ] ] } },
{ "type": "Feature", "properties": { "cell_id": "H-00187", "area_sqm": 103923.0 }, "geometry": { "type": "Polygon", "coordinates": [ [ [ -78.656950223880955, 35.776540104130703 ], [ -78.658009937805943, 35.778122006041876 ], [ -78.660220979810404, 35.778165067579202 ], [ -78.661372221633471, 35.776626222290403 ], [ -78.660312457547462, 35.775044347918076 ], [ -78.658101501794988, 35.775001291295538 ], [ -78.656950223880955, 35.776540104130703 ] ] ] } },
{ "type": "Feature", "properties": { "cell_id": "H-00188", "area_sqm": 103923.0 }, "geometry": { "type": "Polygon", "coordinates": [ [ [ -78.656858609724253, 35.779660815504698 ], [ -78.657918359739114, 35.781242718961977 ], [ -78.660129488008792, 35.781285785414482 ], [ -78.661280779993987, 35.779746943494359 ], [ -78.660220979810404, 35.778165067579202 ], [ -78.658009937805943, 35.778122006041876 ], [ -78.656858609724253, 35.779660815504698 ] ] ] } },
{ "type": "Feature", "properties": { "cell_id": "H-00189", "area_sqm": 103923.0 }, "geometry": { "type": "Polygon", "coordinates": [ [ [ -78.656766981482065, 35.782781525052215 ], [ -78.657826767592312, 35.78436343005572 ], [ -78.660037982140466, 35.784406501423774 ], [ -78.661189324295492, 35.782867662872597 ], [ -78.660129488008792, 35.781285785414482 ], [ -78.657918359739114, 35.781242718961977 ], [ -78.656766981482065, 35.782781525052215 ] ] ] } },
{ "type": "Feature", "properties": { "cell_id": "H-00190", "area_sqm": 103923.0 }, "geometry": { "type": "Polygon", "coordinates": [ [ [ -78.656675339152201, 35.785902232773161 ], [ -78.657735161363377, 35.787484139323055 ], [ -78.659946462203223, 35.787527215607007 ], [ -78.661097854535782, 35.785988380425017 ], [ -78.660037982140466, 35.784406501423774 ], [ -78.657826767592312, 35.78436343005572 ], [ -78.656675339152201, 35.785902232773161 ] ] ] } },
{ "type": "Feature", "properties": { "cell_id": "H-00191", "area_sqm": 103923.0 }, "geometry": { "type": "Polygon", "coordinates": [ [ [ -78.65658368273246, 35.789022938667451 ], [ -78.657643541050078, 35.790604846763848 ], [ -78.659854928194889, 35.790647927964109 ], [ -78.661006370712713, 35.78910909615152 ], [ -78.659946462203223, 35.787527215607007 ], [ -78.657735161363377, 35.787484139323055 ], [ -78.65658368273246, 35.789022938667451 ] ] ] } },
{ "type": "Feature", "properties": { "cell_id": "H-00192", "area_sqm": 103923.0 }, "geometry": { "type": "Polygon", "coordinates": [ [ [ -78.656492012220681, 35.792143642734956 ], [ -78.657551906650269, 35.793725552378 ], [ -78.659763380113262, 35.793768638494946 ], [ -78.660914872824065, 35.792229810052 ], [ -78.659854928194889, 35.790647927964109 ], [ -78.657643541050078, 35.790604846763848 ], [ -78.656492012220681, 35.792143642734956 ] ] ] } },
{ "type": "Feature", "properties": { "cell_id": "H-00193", "area_sqm": 103923.0 }, "geometry": { "type": "Polygon", "coordinates": [ [ [ -78.656400327614648, 35.795264344975585 ], [ -78.657460258161748, 35.796846256165438 ], [ -78.65967181795618, 35.796889347199453 ], [ -78.660823360867667, 35.795350522126377 ], [ -78.659763380113262, 35.793768638494946 ], [ -78.657551906650269, 35.793725552378 ], [ -78.656400327614648, 35.795264344975585 ] ] ] } },
{ "type": "Feature", "properties": { "cell_id": "H-00194", "area_sqm": 103923.0 }, "geometry": { "type": "Polygon", "coordinates": [ [ [ -78.656308628912186, 35.79838504538926 ], [ -78.657368595582298, 35.799966958126049 ], [ -78.659580241721443, 35.800010054077497 ], [ -78.660731834841343, 35.798471232374546 ], [ -78.65967181795618, 35.796889347199453 ], [ -78.657460258161748, 35.796846256165438 ], [ -78.656308628912186, 35.79838504538926 ] ] ] } },
{ "type": "Feature", "properties": { "cell_id": "H-00195", "area_sqm": 103923.0 }, "geometry": { "type": "Polygon", "coordinates": [ [ [ -78.656216916111092, 35.801505743975873 ], [ -78.657276918909773, 35.803087658259749 ], [ -78.659488651406861, 35.80313075912899 ], [ -78.66064029474289, 35.801591940796406 ], [ -78.659580241721443, 35.800010054077497 ], [ -78.657368595582298, 35.799966958126049 ], [ -78.656216916111092, 35.801505743975873 ] ] ] } },
{ "type": "Feature", "properties": { "cell_id": "H-00196", "area_sqm": 103923.0 }, "geometry": { "type": "Polygon", "coordinates": [ [ [ -78.656125189209178, 35.804626440735333 ], [ -78.657185228141969, 35.806208356566422 ], [ -78.659397047010259, 35.806251462353863 ], [ -78.660548740570135, 35.804712647391874 ], [ -78.659488651406861, 35.80313075912899 ], [ -78.657276918909773, 35.803087658259749 ], [ -78.656125189209178, 35.804626440735333 ] ] ] } },
{ "type": "Feature", "properties": { "cell_id": "H-00197", "area_sqm": 103923.0 }, "geometry": { "type": "Polygon", "coordinates": [ [ [ -78.656033448204269, 35.807747135667555 ], [ -78.657093523276686, 35.809329053045992 ], [ -78.659305428529436, 35.809372163752002 ], [ -78.660457172320875, 35.807833352160834 ], [ -78.659397047010259, 35.806251462353863 ], [ -78.657185228141969, 35.806208356566422 ], [ -78.656033448204269, 35.807747135667555 ] ] ] } },
{ "type": "Feature", "properties": { "cell_id": "H-00198", "area_sqm": 103923.0 }, "geometry": { "type": "Polygon", "coordinates": [ [ [ -78.655941693094164, 35.810867828772409 ], [ -78.657001804311747, 35.812449747698345 ], [ -78.659213795962216, 35.812492863323307 ], [ -78.660365589992949, 35.810954055103217 ], [ -78.659305428529436, 35.809372163752002 ], [ -78.657093523276686, 35.809329053045992 ], [ -78.655941693094164, 35.810867828772409 ] ] ] } },
{ "type": "Feature", "properties": { "cell_id": "H-00199", "area_sqm": 103923.0 }, "geometry": { "type": "Polygon", "coordinates": [ [ [ -78.655849923876659, 35.813988520049826 ], [ -78.656910071244951, 35.815570440523395 ], [ -78.659122149306398, 35.815613561067678 ], [ -78.660273993584156, 35.814074756218901 ], [ -78.659213795962216, 35.812492863323307 ], [ -78.657001804311747, 35.812449747698345 ], [ -78.655849923876659, 35.813988520049826 ] ] ] } },
{ "type": "Feature", "properties": { "cell_id": "H-00200", "area_sqm": 103923.0 }, "geometry": { "type": "Polygon", "coordinates": [ [ [ -78.655758140549594, 35.817109209499691 ], [ -78.656818324074109, 35.818691131521042 ], [ -78.659030488559807, 35.818734256985032 ], [ -78.660182383092305, 35.817195455507786 ], [ -78.659122149306398, 35.815613561067678 ], [ -78.656910071244951, 35.815570440523395 ], [ -78.655758140549594, 35.817109209499691 ] ] ] } },
{ "type": "Feature", "properties": { "cell_id": "H-00201", "area_sqm": 103923.0 }, "geometry": { "type": "Polygon", "coordinates": [ [ [ -78.655666343110738, 35.820229897121912 ], [ -78.656726562797019, 35.821811820691195 ], [ -78.658938813720226, 35.821854951075267 ], [ -78.660090758515196, 35.820316152969802 ], [ -78.659030488559807, 35.818734256985032 ], [ -78.656818324074109, 35.818691131521042 ], [ -78.655666343110738, 35.820229897121912 ] ] ] } },
{ "type": "Feature", "properties": { "cell_id": "H-00202", "area_sqm": 103923.0 }, "geometry": { "type": "Polygon", "coordinates": [ [ [ -78.654687775513949, 35.74058718176147 ], [ -78.655747006709575, 35.742169092627954 ], [ -78.657957050587001, 35.742212158496812 ], [ -78.659107777165602, 35.74067330858162 ], [ -78.658048495888195, 35.739091425212628 ], [ -78.655838538109563, 35.739048364261166 ], [ -78.654687775513949, 35.74058718176147 ] ] ] } },
{ "type": "Feature", "properties": { "cell_id": "H-00203", "area_sqm": 103923.0 }, "geometry": { "type": "Polygon", "coordinates": [ [ [ -78.654596194025572, 35.743707906754906 ], [ -78.655655461237103, 35.745289819169052 ], [ -78.657865591226539, 35.745332889955677 ], [ -78.659016367888043, 35.743794043410219 ], [ -78.657957050587001, 35.742212158496812 ], [ -78.655747006709575, 35.742169092627954 ], [ -78.654596194025572, 35.743707906754906 ] ] ] } },
{ "type": "Feature", "properties": { "cell_id": "H-00204", "area_sqm": 103923.0 }, "geometry": { "type": "Polygon", "coordinates": [ [ [ -78.654504598456995, 35.746828629922419 ], [ -78.655563901689931, 35.748410543884361 ], [ -78.657774117804607, 35.748453619589128 ], [ -78.658924944556688, 35.746914776413639 ], [ -78.657865591226539, 35.745332889955677 ], [ -78.655655461237103, 35.745289819169052 ], [ -78.654504598456995, 35.746828629922419 ] ] ] } },
{ "type": "Feature", "properties": { "cell_id": "H-00205", "area_sqm": 103923.0 }, "geometry": { "type": "Polygon", "coordinates": [ [ [ -78.654412988806016, 35.749949351263879 ], [ -78.655472328065898, 35.751531266773782 ], [ -78.657682630319016, 35.751574347397089 ], [ -78.65883350716939, 35.750035507591789 ], [ -78.657774117804607, 35.748453619589128 ], [ -78.655563901689931, 35.748410543884361 ], [ -78.654412988806016, 35.749949351263879 ] ] ] } },
{ "type": "Feature", "properties": { "cell_id": "H-00206", "area_sqm": 103923.0 }, "geometry": { "type": "Polygon", "coordinates": [ [ [ -78.654321365070473, 35.753070070779223 ], [ -78.655380740362801, 35.754651987837221 ], [ -78.657591128767606, 35.754695073379438 ], [ -78.658742055723962, 35.753156236944569 ], [ -78.657682630319016, 35.751574347397089 ], [ -78.655472328065898, 35.751531266773782 ], [ -78.654321365070473, 35.753070070779223 ] ] ] } },
{ "type": "Feature", "properties": { "cell_id": "H-00207", "area_sqm": 103923.0 }, "geometry": { "type": "Polygon", "coordinates": [ [ [ -78.654229727248165, 35.756190788468359 ], [ -78.655289138578482, 35.757772707074579 ], [ -78.657499613148161, 35.757815797536061 ], [ -78.658650590218215, 35.75627696447188 ], [ -78.657591128767606, 35.754695073379438 ], [ -78.655380740362801, 35.754651987837221 ], [ -78.654229727248165, 35.756190788468359 ] ] ] } },
{ "type": "Feature", "properties": { "cell_id": "H-00208", "area_sqm": 103923.0 }, "geometry": { "type": "Polygon", "coordinates": [ [ [ -78.654138075336931, 35.75931150433118 ], [ -78.655197522710736, 35.760893424485758 ], [ -78.657408083458535, 35.760936519866895 ], [ -78.658559110649975, 35.759397690173643 ], [ -78.657499613148161, 35.757815797536061 ], [ -78.655289138578482, 35.757772707074579 ], [ -78.654138075336931, 35.75931150433118 ] ] ] } },
{ "type": "Feature", "properties": { "cell_id": "H-00209", "area_sqm": 103923.0 }, "geometry": { "type": "Polygon", "coordinates": [ [ [ -78.654046409334555, 35.762432218367572 ], [ -78.655105892757376, 35.764014140070671 ], [ -78.657316539696509, 35.764057240371848 ], [ -78.658467617017067, 35.762518414049723 ], [ -78.657408083458535, 35.760936519866895 ], [ -78.655197522710736, 35.760893424485758 ], [ -78.654046409334555, 35.762432218367572 ] ] ] } },
{ "type": "Feature", "properties": { "cell_id": "H-00210", "area_sqm": 103923.0 }, "geometry": { "type": "Polygon", "coordinates": [ [ [ -78.653954729238862, 35.765552930577456 ], [ -78.655014248716213, 35.767134853829205 ], [ -78.65722498185994, 35.767177959050784 ], [ -78.658376109317302, 35.765639136100063 ], [ -78.657316539696509, 35.764057240371848 ], [ -78.655105892757376, 35.764014140070671 ], [ -78.653954729238862, 35.765552930577456 ] ] ] } },
{ "type": "Feature", "properties": { "cell_id": "H-00211", "area_sqm": 103923.0 }, "geometry": { "type": "Polygon", "coordinates": [ [ [ -78.653863035047678, 35.768673640960728 ], [ -78.654922590585088, 35.770255565761254 ], [ -78.657133409946596, 35.770298675903639 ], [ -78.658284587548479, 35.768759856324536 ], [ -78.65722498185994, 35.767177959050784 ], [ -78.655014248716213, 35.767134853829205 ], [ -78.653863035047678, 35.768673640960728 ] ] ] } },
{ "type": "Feature", "properties": { "cell_id": "H-00212", "area_sqm": 103923.0 }, "geometry": { "type": "Polygon", "coordinates": [ [ [ -78.6537713267588, 35.771794349517293 ], [ -78.654830918361782, 35.773376275866767 ], [ -78.657041823954344, 35.773419390930314 ], [ -78.658193051708437, 35.771880574723063 ], [ -78.657133409946596, 35.770298675903639 ], [ -78.654922590585088, 35.770255565761254 ], [ -78.6537713267588, 35.771794349517293 ] ] ] } },
{ "type": "Feature", "properties": { "cell_id": "H-00213", "area_sqm": 103923.0 }, "geometry": { "type": "Polygon", "coordinates": [ [ [ -78.653679604370026, 35.774915056247046 ], [ -78.654739232044122, 35.776496984145602 ], [ -78.656950223880955, 35.776540104130703 ], [ -78.658101501794988, 35.775001291295538 ], [ -78.657041823954344, 35.773419390930314 ], [ -78.654830918361782, 35.773376275866767 ], [ -78.653679604370026, 35.774915056247046 ] ] ] } },
{ "type": "Feature", "properties": { "cell_id": "H-00214", "area_sqm": 103923.0 }, "geometry": { "type": "Polygon", "coordinates": [ [ [ -78.65358786787921, 35.778035761149923 ], [ -78.654647531629934, 35.779617690597682 ], [ -78.656858609724253, 35.779660815504698 ], [ -78.658009937805943, 35.778122006041876 ], [ -78.656950223880955, 35.776540104130703 ], [ -78.654739232044122, 35.776496984145602 ], [ -78.65358786787921, 35.778035761149923 ] ] ] } },
{ "type": "Feature", "properties": { "cell_id": "H-00215", "area_sqm": 103923.0 }, "geometry": { "type": "Polygon", "coordinates": [ [ [ -78.653496117284121, 35.781156464225795 ], [ -78.654555817116986, 35.782738395222893 ], [ -78.656766981482065, 35.782781525052215 ], [ -78.657918359739114, 35.781242718961977 ], [ -78.656858609724253, 35.779660815504698 ], [ -78.654647531629934, 35.779617690597682 ], [ -78.653496117284121, 35.781156464225795 ] ] ] } },
{ "type": "Feature", "properties": { "cell_id": "H-00216", "area_sqm": 103923.0 }, "geometry": { "type": "Polygon", "coordinates": [ [ [ -78.653404352582598, 35.784277165474563 ], [ -78.654464088503147, 35.785859098021163 ], [ -78.656675339152201, 35.785902232773161 ], [ -78.657826767592312, 35.78436343005572 ], [ -78.656766981482065, 35.782781525052215 ], [ -78.654555817116986, 35.782738395222893 ], [ -78.653404352582598, 35.784277165474563 ] ] ] } },
{ "type": "Feature", "properties": { "cell_id": "H-00217", "area_sqm": 103923.0 }, "geometry": { "type": "Polygon", "coordinates": [ [ [ -78.653312573772425, 35.78739786489615 ], [ -78.654372345786186, 35.788979798992379 ], [ -78.65658368273246, 35.789022938667451 ], [ -78.657735161363377, 35.787484139323055 ], [ -78.656675339152201, 35.785902232773161 ], [ -78.654464088503147, 35.785859098021163 ], [ -78.653312573772425, 35.78739786489615 ] ] ] } },
{ "type": "Feature", "properties": { "cell_id": "H-00218", "area_sqm": 103923.0 }, "geometry": { "type": "Polygon", "coordinates": [ [ [ -78.653220780851413, 35.790518562490441 ], [ -78.6542805889639, 35.792100498136442 ], [ -78.656492012220681, 35.792143642734956 ], [ -78.657643541050078, 35.790604846763848 ], [ -78.65658368273246, 35.789022938667451 ], [ -78.654372345786186, 35.788979798992379 ], [ -78.653220780851413, 35.790518562490441 ] ] ] } },
{ "type": "Feature", "properties": { "cell_id": "H-00219", "area_sqm": 103923.0 }, "geometry": { "type": "Polygon", "coordinates": [ [ [ -78.653128973817402, 35.79363925825735 ], [ -78.654188818034143, 35.795221195453266 ], [ -78.656400327614648, 35.795264344975585 ], [ -78.657551906650269, 35.793725552378 ], [ -78.656492012220681, 35.792143642734956 ], [ -78.6542805889639, 35.792100498136442 ], [ -78.653128973817402, 35.79363925825735 ] ] ] } },
{ "type": "Feature", "properties": { "cell_id": "H-00220", "area_sqm": 103923.0 }, "geometry": { "type": "Polygon", "coordinates": [ [ [ -78.653037152668176, 35.796759952196787 ], [ -78.654097032994699, 35.798341890942751 ], [ -78.656308628912186, 35.79838504538926 ], [ -78.657460258161748, 35.796846256165438 ], [ -78.656400327614648, 35.795264344975585 ], [ -78.654188818034143, 35.795221195453266 ], [ -78.653037152668176, 35.796759952196787 ] ] ] } },
{ "type": "Feature", "properties": { "cell_id": "H-00221", "area_sqm": 103923.0 }, "geometry": { "type": "Polygon", "coordinates": [ [ [ -78.652945317401546, 35.799880644308622 ], [ -78.654005233843378, 35.801462584604806 ], [ -78.656216916111092, 35.801505743975873 ], [ -78.657368595582298, 35.799966958126049 ], [ -78.656308628912186, 35.79838504538926 ], [ -78.654097032994699, 35.798341890942751 ], [ -78.652945317401546, 35.799880644308622 ] ] ] } },
{ "type": "Feature", "properties": { "cell_id": "H-00222", "area_sqm": 103923.0 }, "geometry": { "type": "Polygon", "coordinates": [ [ [ -78.652853468015309, 35.8030013345928 ], [ -78.653913420577993, 35.804583276439303 ], [ -78.656125189209178, 35.804626440735333 ], [ -78.657276918909773, 35.803087658259749 ], [ -78.656216916111092, 35.801505743975873 ], [ -78.654005233843378, 35.801462584604806 ], [ -78.652853468015309, 35.8030013345928 ] ] ] } },
{ "type": "Feature", "properties": { "cell_id": "H-00223", "area_sqm": 103923.0 }, "geometry": { "type": "Polygon", "coordinates": [ [ [ -78.65276160450729, 35.806122023049198 ], [ -78.653821593196355, 35.807703966446191 ], [ -78.656033448204269, 35.807747135667555 ], [ -78.657185228141969, 35.806208356566422 ], [ -78.656125189209178, 35.804626440735333 ], [ -78.653913420577993, 35.804583276439303 ], [ -78.65276160450729, 35.806122023049198 ] ] ] } },
{ "type": "Feature", "properties": { "cell_id": "H-00224", "area_sqm": 103923.0 }, "geometry": { "type": "Polygon", "coordinates": [ [ [ -78.652669726875274, 35.809242709677733 ], [ -78.653729751696247, 35.810824654625343 ], [ -78.655941693094164, 35.810867828772409 ], [ -78.657093523276686, 35.809329053045992 ], [ -78.656033448204269, 35.807747135667555 ], [ -78.653821593196355, 35.807703966446191 ], [ -78.652669726875274, 35.809242709677733 ] ] ] } },
{ "type": "Feature", "properties": { "cell_id": "H-00225", "area_sqm": 103923.0 }, "geometry": { "type": "Polygon", "coordinates": [ [ [ -78.652577835117086, 35.81236339447829 ], [ -78.653637896075494, 35.813945340976673 ], [ -78.655849923876659, 35.813988520049826 ], [ -78.657001804311747, 35.812449747698345 ], [ -78.655941693094164, 35.810867828772409 ], [ -78.653729751696247, 35.810824654625343 ], [ -78.652577835117086, 35.81236339447829 ] ] ] } },
{ "type": "Feature", "properties": { "cell_id": "H-00226", "area_sqm": 103923.0 }, "geometry": { "type": "Polygon", "coordinates": [ [ [ -78.652485929230522, 35.81548407745079 ], [ -78.65354602633191, 35.817066025500068 ], [ -78.655758140549594, 35.817109209499691 ], [ -78.656910071244951, 35.815570440523395 ], [ -78.655849923876659, 35.813988520049826 ], [ -78.653637896075494, 35.813945340976673 ], [ -78.652485929230522, 35.81548407745079 ] ] ] } },
{ "type": "Feature", "properties": { "cell_id": "H-00227", "area_sqm": 103923.0 }, "geometry": { "type": "Polygon", "coordinates": [ [ [ -78.652394009213381, 35.818604758595143 ], [ -78.653454142463275, 35.82018670819545 ], [ -78.655666343110738, 35.820229897121912 ], [ -78.656818324074109, 35.818691131521042 ], [ -78.655758140549594, 35.817109209499691 ], [ -78.65354602633191, 35.817066025500068 ], [ -78.652394009213381, 35.818604758595143 ] ] ] } },
{ "type": "Feature", "properties": { "cell_id": "H-00228", "area_sqm": 103923.0 }, "geometry": { "type": "Polygon", "coordinates": [ [ [ -78.652302075063474, 35.821725437911219 ], [ -78.653362244467417, 35.82330738906272 ], [ -78.655574531557903, 35.823350582916405 ], [ -78.656726562797019, 35.821811820691195 ], [ -78.655666343110738, 35.820229897121912 ], [ -78.653454142463275, 35.82018670819545 ], [ -78.652302075063474, 35.821725437911219 ] ] ] } },
{ "type": "Feature", "properties": { "cell_id": "H-00229", "area_sqm": 103923.0 }, "geometry": { "type": "Polygon", "coordinates": [ [ [ -78.651418636627014, 35.738962120715712 ], [ -78.65247778172494, 35.740544057526598 ], [ -78.654687775513949, 35.74058718176147 ], [ -78.655838538109563, 35.739048364261166 ], [ -78.654779342924328, 35.737466454942215 ], [ -78.652569435226397, 35.737423335631476 ], [ -78.651418636627014, 35.738962120715712 ] ] ] } },
{ "type": "Feature", "properties": { "cell_id": "H-00230", "area_sqm": 103923.0 }, "geometry": { "type": "Polygon", "coordinates": [ [ [ -78.651326933031626, 35.742082839233838 ], [ -78.652386114132227, 35.743664777595505 ], [ -78.654596194025572, 35.743707906754906 ], [ -78.655747006709575, 35.742169092627954 ], [ -78.654687775513949, 35.74058718176147 ], [ -78.65247778172494, 35.740544057526598 ], [ -78.651326933031626, 35.742082839233838 ] ] ] } },
{ "type": "Feature", "properties": { "cell_id": "H-00231", "area_sqm": 103923.0 }, "geometry": { "type": "Polygon", "coordinates": [ [ [ -78.651235215337309, 35.745203555925514 ], [ -78.652294432446126, 35.746785495838104 ], [ -78.654504598456995, 35.746828629922419 ], [ -78.655655461237103, 35.745289819169052 ], [ -78.654596194025572, 35.743707906754906 ], [ -78.652386114132227, 35.743664777595505 ], [ -78.651235215337309, 35.745203555925514 ] ] ] } },
{ "type": "Feature", "properties": { "cell_id": "H-00232", "area_sqm": 103923.0 }, "geometry": { "type": "Polygon", "coordinates": [ [ [ -78.651143483541873, 35.748324270790654 ], [ -78.652202736664393, 35.749906212254309 ], [ -78.654412988806016, 35.749949351263879 ], [ -78.655563901689931, 35.748410543884361 ], [ -78.654504598456995, 35.746828629922419 ], [ -78.652294432446126, 35.746785495838104 ], [ -78.651143483541873, 35.748324270790654 ] ] ] } },
{ "type": "Feature", "properties": { "cell_id": "H-00233", "area_sqm": 103923.0 }, "geometry": { "type": "Polygon", "coordinates": [ [ [ -78.65105173764313, 35.751444983829138 ], [ -78.652111026784894, 35.753026926844001 ], [ -78.654321365070473, 35.753070070779223 ], [ -78.655472328065898, 35.751531266773782 ], [ -78.654412988806016, 35.749949351263879 ], [ -78.652202736664393, 35.749906212254309 ], [ -78.65105173764313, 35.751444983829138 ] ] ] } },
{ "type": "Feature", "properties": { "cell_id": "H-00234", "area_sqm": 103923.0 }, "geometry": { "type": "Polygon", "coordinates": [ [ [ -78.650959977638877, 35.754565695040903 ], [ -78.652019302805414, 35.7561476396071 ], [ -78.654229727248165, 35.756190788468359 ], [ -78.655380740362801, 35.754651987837221 ], [ -78.654321365070473, 35.753070070779223 ], [ -78.652111026784894, 35.753026926844001 ], [ -78.650959977638877, 35.754565695040903 ] ] ] } },
{ "type": "Feature", "properties": { "cell_id": "H-00235", "area_sqm": 103923.0 }, "geometry": { "type": "Polygon", "coordinates": [ [ [ -78.650868203526969, 35.757686404425804 ], [ -78.651927564723749, 35.759268350543501 ], [ -78.654138075336931, 35.75931150433118 ], [ -78.655289138578482, 35.757772707074579 ], [ -78.654229727248165, 35.756190788468359 ], [ -78.652019302805414, 35.7561476396071 ], [ -78.650868203526969, 35.757686404425804 ] ] ] } },
{ "type": "Feature", "properties": { "cell_id": "H-00236", "area_sqm": 103923.0 }, "geometry": { "type": "Polygon", "coordinates": [ [ [ -78.65077641530516, 35.760807111983787 ], [ -78.65183581253774, 35.762389059653103 ], [ -78.654046409334555, 35.762432218367572 ], [ -78.655197522710736, 35.760893424485758 ], [ -78.654138075336931, 35.75931150433118 ], [ -78.651927564723749, 35.759268350543501 ], [ -78.65077641530516, 35.760807111983787 ] ] ] } },
{ "type": "Feature", "properties": { "cell_id": "H-00237", "area_sqm": 103923.0 }, "geometry": { "type": "Polygon", "coordinates": [ [ [ -78.650684612971304, 35.763927817714738 ], [ -78.651744046245199, 35.765509766935821 ], [ -78.653954729238862, 35.765552930577456 ], [ -78.655105892757376, 35.764014140070671 ], [ -78.654046409334555, 35.762432218367572 ], [ -78.65183581253774, 35.762389059653103 ], [ -78.650684612971304, 35.763927817714738 ] ] ] } },
{ "type": "Feature", "properties": { "cell_id": "H-00238", "area_sqm": 103923.0 }, "geometry": { "type": "Polygon", "coordinates": [ [ [ -78.650592796523199, 35.767048521618563 ], [ -78.651652265843907, 35.768630472391557 ], [ -78.653863035047678, 35.768673640960728 ], [ -78.655014248716213, 35.767134853829205 ], [ -78.653954729238862, 35.765552930577456 ], [ -78.651744046245199, 35.765509766935821 ], [ -78.650592796523199, 35.767048521618563 ] ] ] } },
{ "type": "Feature", "properties": { "cell_id": "H-00239", "area_sqm": 103923.0 }, "geometry": { "type": "Polygon", "coordinates": [ [ [ -78.650500965958656, 35.770169223695163 ], [ -78.651560471331706, 35.77175117602021 ], [ -78.6537713267588, 35.771794349517293 ], [ -78.654922590585088, 35.770255565761254 ], [ -78.653863035047678, 35.768673640960728 ], [ -78.651652265843907, 35.768630472391557 ], [ -78.650500965958656, 35.770169223695163 ] ] ] } },
{ "type": "Feature", "properties": { "cell_id": "H-00240", "area_sqm": 103923.0 }, "geometry": { "type": "Polygon", "coordinates": [ [ [ -78.650409121275459, 35.773289923944432 ], [ -78.651468662706392, 35.77487187782166 ], [ -78.653679604370026, 35.774915056247046 ], [ -78.654830918361782, 35.773376275866767 ], [ -78.6537713267588, 35.771794349517293 ], [ -78.651560471331706, 35.77175117602021 ], [ -78.650409121275459, 35.773289923944432 ] ] ] } },
{ "type": "Feature", "properties": { "cell_id": "H-00241", "area_sqm": 103923.0 }, "geometry": { "type": "Polygon", "coordinates": [ [ [ -78.650317262471447, 35.776410622366299 ], [ -78.651376839965764, 35.77799257779585 ], [ -78.65358786787921, 35.778035761149923 ], [ -78.654739232044122, 35.776496984145602 ], [ -78.653679604370026, 35.774915056247046 ], [ -78.651468662706392, 35.77487187782166 ], [ -78.650317262471447, 35.776410622366299 ] ] ] } },
{ "type": "Feature", "properties": { "cell_id": "H-00242", "area_sqm": 103923.0 }, "geometry": { "type": "Polygon", "coordinates": [ [ [ -78.650225389544417, 35.779531318960629 ], [ -78.651285003107645, 35.781113275942658 ], [ -78.653496117284121, 35.781156464225795 ], [ -78.654647531629934, 35.779617690597682 ], [ -78.65358786787921, 35.778035761149923 ], [ -78.651376839965764, 35.77799257779585 ], [ -78.650225389544417, 35.779531318960629 ] ] ] } },
{ "type": "Feature", "properties": { "cell_id": "H-00243", "area_sqm": 103923.0 }, "geometry": { "type": "Polygon", "coordinates": [ [ [ -78.650133502492181, 35.782652013727358 ], [ -78.651193152129835, 35.784233972262001 ], [ -78.653404352582598, 35.784277165474563 ], [ -78.654555817116986, 35.782738395222893 ], [ -78.653496117284121, 35.781156464225795 ], [ -78.651285003107645, 35.781113275942658 ], [ -78.650133502492181, 35.782652013727358 ] ] ] } },
{ "type": "Feature", "properties": { "cell_id": "H-00244", "area_sqm": 103923.0 }, "geometry": { "type": "Polygon", "coordinates": [ [ [ -78.650041601312537, 35.785772706666378 ], [ -78.651101287030158, 35.787354666753757 ], [ -78.653312573772425, 35.78739786489615 ], [ -78.654464088503147, 35.785859098021163 ], [ -78.653404352582598, 35.784277165474563 ], [ -78.651193152129835, 35.784233972262001 ], [ -78.650041601312537, 35.785772706666378 ] ] ] } },
{ "type": "Feature", "properties": { "cell_id": "H-00245", "area_sqm": 103923.0 }, "geometry": { "type": "Polygon", "coordinates": [ [ [ -78.649949686003296, 35.788893397777585 ], [ -78.651009407806399, 35.790475359417869 ], [ -78.653220780851413, 35.790518562490441 ], [ -78.654372345786186, 35.788979798992379 ], [ -78.653312573772425, 35.78739786489615 ], [ -78.651101287030158, 35.787354666753757 ], [ -78.649949686003296, 35.788893397777585 ] ] ] } },
{ "type": "Feature", "properties": { "cell_id": "H-00246", "area_sqm": 103923.0 }, "geometry": { "type": "Polygon", "coordinates": [ [ [ -78.649857756562255, 35.792014087060892 ], [ -78.650917514456381, 35.793596050254209 ], [ -78.653128973817402, 35.79363925825735 ], [ -78.6542805889639, 35.792100498136442 ], [ -78.653220780851413, 35.790518562490441 ], [ -78.651009407806399, 35.790475359417869 ], [ -78.649857756562255, 35.792014087060892 ] ] ] } },
{ "type": "Feature", "properties": { "cell_id": "H-00247", "area_sqm": 103923.0 }, "geometry": { "type": "Polygon", "coordinates": [ [ [ -78.649765812987255, 35.795134774516185 ], [ -78.650825606977889, 35.796716739262678 ], [ -78.653037152668176, 35.796759952196787 ], [ -78.654188818034143, 35.795221195453266 ], [ -78.653128973817402, 35.79363925825735 ], [ -78.650917514456381, 35.793596050254209 ], [ -78.649765812987255, 35.795134774516185 ] ] ] } },
{ "type": "Feature", "properties": { "cell_id": "H-00248", "area_sqm": 103923.0 }, "geometry": { "type": "Polygon", "coordinates": [ [ [ -78.649673855276035, 35.798255460143388 ], [ -78.650733685368749, 35.799837426443197 ], [ -78.652945317401546, 35.799880644308622 ], [ -78.654097032994699, 35.798341890942751 ], [ -78.653037152668176, 35.796759952196787 ], [ -78.650825606977889, 35.796716739262678 ], [ -78.649673855276035, 35.798255460143388 ] ] ] } },
{ "type": "Feature", "properties": { "cell_id": "H-00249", "area_sqm": 103923.0 }, "geometry": { "type": "Polygon", "coordinates": [ [ [ -78.64958188342645, 35.801376143942399 ], [ -78.650641749626757, 35.802958111795654 ], [ -78.652853468015309, 35.8030013345928 ], [ -78.654005233843378, 35.801462584604806 ], [ -78.652945317401546, 35.799880644308622 ], [ -78.650733685368749, 35.799837426443197 ], [ -78.64958188342645, 35.801376143942399 ] ] ] } },
{ "type": "Feature", "properties": { "cell_id": "H-00250", "area_sqm": 103923.0 }, "geometry": { "type": "Polygon", "coordinates": [ [ [ -78.649489897436311, 35.804496825913112 ], [ -78.650549799749726, 35.806078795319969 ], [ -78.65276160450729, 35.806122023049198 ], [ -78.653913420577993, 35.804583276439303 ], [ -78.652853468015309, 35.8030013345928 ], [ -78.650641749626757, 35.802958111795654 ], [ -78.649489897436311, 35.804496825913112 ] ] ] } },
{ "type": "Feature", "properties": { "cell_id": "H-00251", "area_sqm": 103923.0 }, "geometry": { "type": "Polygon", "coordinates": [ [ [ -78.649397897303373, 35.807617506055436 ], [ -78.650457835735452, 35.809199477016044 ], [ -78.652669726875274, 35.809242709677733 ], [ -78.653821593196355, 35.807703966446191 ], [ -78.65276160450729, 35.806122023049198 ], [ -78.650549799749726, 35.806078795319969 ], [ -78.649397897303373, 35.807617506055436 ] ] ] } },
{ "type": "Feature", "properties": { "cell_id": "H-00252", "area_sqm": 103923.0 }, "geometry": { "type": "Polygon", "coordinates": [ [ [ -78.649305883025477, 35.810738184369271 ], [ -78.650365857581733, 35.81232015688375 ], [ -78.652577835117086, 35.81236339447829 ], [ -78.653729751696247, 35.810824654625343 ], [ -78.652669726875274, 35.809242709677733 ], [ -78.650457835735452, 35.809199477016044 ], [ -78.649305883025477, 35.810738184369271 ] ] ] } },
{ "type": "Feature", "properties": { "cell_id": "H-00253", "area_sqm": 103923.0 }, "geometry": { "type": "Polygon", "coordinates": [ [ [ -78.649213854600418, 35.813858860854523 ], [ -78.65027386528638, 35.815440834923031 ], [ -78.652485929230522, 35.81548407745079 ], [ -78.653637896075494, 35.813945340976673 ], [ -78.652577835117086, 35.81236339447829 ], [ -78.650365857581733, 35.81232015688375 ], [ -78.649213854600418, 35.813858860854523 ] ] ] } },
{ "type": "Feature", "properties": { "cell_id": "H-00254", "area_sqm": 103923.0 }, "geometry": { "type": "Polygon", "coordinates": [ [ [ -78.649121812025996, 35.816979535511095 ], [ -78.650181858847205, 35.818561511133773 ], [ -78.652394009213381, 35.818604758595143 ], [ -78.65354602633191, 35.817066025500068 ], [ -78.652485929230522, 35.81548407745079 ], [ -78.65027386528638, 35.815440834923031 ], [ -78.649121812025996, 35.816979535511095 ] ] ] } },
{ "type": "Feature", "properties": { "cell_id": "H-00255", "area_sqm": 103923.0 }, "geometry": { "type": "Polygon", "coordinates": [ [ [ -78.649029755300006, 35.820100208338879 ], [ -78.650089838261977, 35.821682185515861 ], [ -78.652302075063474, 35.821725437911219 ], [ -78.653454142463275, 35.82018670819545 ], [ -78.652394009213381, 35.818604758595143 ], [ -78.650181858847205, 35.818561511133773 ], [ -78.649029755300006, 35.820100208338879 ] ] ] } },
{ "type": "Feature", "properties": { "cell_id": "H-00256", "area_sqm": 103923.0 }, "geometry": { "type": "Polygon", "coordinates": [ [ [ -78.648057808242527, 35.740457687408608 ], [ -78.649116903239914, 35.742039651709135 ], [ -78.651326933031626, 35.742082839233838 ], [ -78.65247778172494, 35.740544057526598 ], [ -78.651418636627014, 35.738962120715712 ], [ -78.649208692931921, 35.738918938122275 ], [ -78.648057808242527, 35.740457687408608 ] ] ] } },
{ "type": "Feature", "properties": { "cell_id": "H-00257", "area_sqm": 103923.0 }, "geometry": { "type": "Polygon", "coordinates": [ [ [ -78.647965968443387, 35.743578397614606 ], [ -78.649025099435775, 35.745160363469161 ], [ -78.651235215337309, 35.745203555925514 ], [ -78.652386114132227, 35.743664777595505 ], [ -78.651326933031626, 35.742082839233838 ], [ -78.649116903239914, 35.742039651709135 ], [ -78.647965968443387, 35.743578397614606 ] ] ] } },
{ "type": "Feature", "properties": { "cell_id": "H-00258", "area_sqm": 103923.0 }, "geometry": { "type": "Polygon", "coordinates": [ [ [ -78.647874114524399, 35.746699105993528 ], [ -78.648933281517287, 35.748281073402268 ], [ -78.651143483541873, 35.748324270790654 ], [ -78.652294432446126, 35.746785495838104 ], [ -78.651235215337309, 35.745203555925514 ], [ -78.649025099435775, 35.745160363469161 ], [ -78.647874114524399, 35.746699105993528 ] ] ] } },
{ "type": "Feature", "properties": { "cell_id": "H-00259", "area_sqm": 103923.0 }, "geometry": { "type": "Polygon", "coordinates": [ [ [ -78.647782246483388, 35.749819812545283 ], [ -78.64884144948229, 35.751401781508356 ], [ -78.65105173764313, 35.751444983829138 ], [ -78.652202736664393, 35.749906212254309 ], [ -78.651143483541873, 35.748324270790654 ], [ -78.648933281517287, 35.748281073402268 ], [ -78.647782246483388, 35.749819812545283 ] ] ] } },
{ "type": "Feature", "properties": { "cell_id": "H-00260", "area_sqm": 103923.0 }, "geometry": { "type": "Polygon", "coordinates": [ [ [ -78.647690364318137, 35.752940517269799 ], [ -78.648749603328554, 35.754522487787327 ], [ -78.650959977638877, 35.754565695040903 ], [ -78.652111026784894, 35.753026926844001 ], [ -78.65105173764313, 35.751444983829138 ], [ -78.64884144948229, 35.751401781508356 ], [ -78.647690364318137, 35.752940517269799 ] ] ] } },
{ "type": "Feature", "properties": { "cell_id": "H-00261", "area_sqm": 103923.0 }, "geometry": { "type": "Polygon", "coordinates": [ [ [ -78.647598468026459, 35.756061220166956 ], [ -78.648657743053931, 35.757643192239065 ], [ -78.650868203526969, 35.757686404425804 ], [ -78.652019302805414, 35.7561476396071 ], [ -78.650959977638877, 35.754565695040903 ], [ -78.648749603328554, 35.754522487787327 ], [ -78.647598468026459, 35.756061220166956 ] ] ] } },
{ "type": "Feature", "properties": { "cell_id": "H-00262", "area_sqm": 103923.0 }, "geometry": { "type": "Polygon", "coordinates": [ [ [ -78.647506557606178, 35.759181921236653 ], [ -78.648565868656206, 35.760763894863508 ], [ -78.65077641530516, 35.760807111983787 ], [ -78.651927564723749, 35.759268350543501 ], [ -78.650868203526969, 35.757686404425804 ], [ -78.648657743053931, 35.757643192239065 ], [ -78.647506557606178, 35.759181921236653 ] ] ] } },
{ "type": "Feature", "properties": { "cell_id": "H-00263", "area_sqm": 103923.0 }, "geometry": { "type": "Polygon", "coordinates": [ [ [ -78.647414633055078, 35.762302620478813 ], [ -78.648473980133204, 35.763884595660542 ], [ -78.650684612971304, 35.763927817714738 ], [ -78.65183581253774, 35.762389059653103 ], [ -78.65077641530516, 35.760807111983787 ], [ -78.648565868656206, 35.760763894863508 ], [ -78.647414633055078, 35.762302620478813 ] ] ] } },
{ "type": "Feature", "properties": { "cell_id": "H-00264", "area_sqm": 103923.0 }, "geometry": { "type": "Polygon", "coordinates": [ [ [ -78.647322694370985, 35.765423317893301 ], [ -78.648382077482708, 35.767005294630074 ], [ -78.650592796523199, 35.767048521618563 ], [ -78.651744046245199, 35.765509766935821 ], [ -78.650684612971304, 35.763927817714738 ], [ -78.648473980133204, 35.763884595660542 ], [ -78.647322694370985, 35.765423317893301 ] ] ] } },
{ "type": "Feature", "properties": { "cell_id": "H-00265", "area_sqm": 103923.0 }, "geometry": { "type": "Polygon", "coordinates": [ [ [ -78.647230741551709, 35.76854401348006 ], [ -78.648290160702544, 35.770125991771991 ], [ -78.650500965958656, 35.770169223695163 ], [ -78.651652265843907, 35.768630472391557 ], [ -78.650592796523199, 35.767048521618563 ], [ -78.648382077482708, 35.767005294630074 ], [ -78.647230741551709, 35.76854401348006 ] ] ] } },
{ "type": "Feature", "properties": { "cell_id": "H-00266", "area_sqm": 103923.0 }, "geometry": { "type": "Polygon", "coordinates": [ [ [ -78.647138774595049, 35.771664707238976 ], [ -78.648198229790495, 35.773246687086214 ], [ -78.650409121275459, 35.773289923944432 ], [ -78.651560471331706, 35.77175117602021 ], [ -78.650500965958656, 35.770169223695163 ], [ -78.648290160702544, 35.770125991771991 ], [ -78.647138774595049, 35.771664707238976 ] ] ] } },
{ "type": "Feature", "properties": { "cell_id": "H-00267", "area_sqm": 103923.0 }, "geometry": { "type": "Polygon", "coordinates": [ [ [ -78.647046793498788, 35.774785399169943 ], [ -78.648106284744415, 35.776367380572644 ], [ -78.650317262471447, 35.776410622366299 ], [ -78.651468662706392, 35.77487187782166 ], [ -78.650409121275459, 35.773289923944432 ], [ -78.648198229790495, 35.773246687086214 ], [ -78.647046793498788, 35.774785399169943 ] ] ] } },
{ "type": "Feature", "properties": { "cell_id": "H-00268", "area_sqm": 103923.0 }, "geometry": { "type": "Polygon", "coordinates": [ [ [ -78.646954798260779, 35.777906089272896 ], [ -78.648014325562059, 35.77948807223116 ], [ -78.650225389544417, 35.779531318960629 ], [ -78.651376839965764, 35.77799257779585 ], [ -78.650317262471447, 35.776410622366299 ], [ -78.648106284744415, 35.776367380572644 ], [ -78.646954798260779, 35.777906089272896 ] ] ] } },
{ "type": "Feature", "properties": { "cell_id": "H-00269", "area_sqm": 103923.0 }, "geometry": { "type": "Polygon", "coordinates": [ [ [ -78.646862788878778, 35.781026777547694 ], [ -78.647922352241267, 35.782608762061699 ], [ -78.650133502492181, 35.782652013727358 ], [ -78.651285003107645, 35.781113275942658 ], [ -78.650225389544417, 35.779531318960629 ], [ -78.648014325562059, 35.77948807223116 ], [ -78.646862788878778, 35.781026777547694 ] ] ] } },
{ "type": "Feature", "properties": { "cell_id": "H-00270", "area_sqm": 103923.0 }, "geometry": { "type": "Polygon", "coordinates": [ [ [ -78.646770765350638, 35.784147463994273 ], [ -78.647830364779821, 35.785729450064146 ], [ -78.650041601312537, 35.785772706666378 ], [ -78.651193152129835, 35.784233972262001 ], [ -78.650133502492181, 35.782652013727358 ], [ -78.647922352241267, 35.782608762061699 ], [ -78.646770765350638, 35.784147463994273 ] ] ] } },
{ "type": "Feature", "properties": { "cell_id": "H-00271", "area_sqm": 103923.0 }, "geometry": { "type": "Polygon", "coordinates": [ [ [ -78.6466787276741, 35.787268148612519 ], [ -78.647738363175549, 35.788850136238402 ], [ -78.649949686003296, 35.788893397777585 ], [ -78.651101287030158, 35.787354666753757 ], [ -78.650041601312537, 35.785772706666378 ], [ -78.647830364779821, 35.785729450064146 ], [ -78.6466787276741, 35.787268148612519 ] ] ] } },
{ "type": "Feature", "properties": { "cell_id": "H-00272", "area_sqm": 103923.0 }, "geometry": { "type": "Polygon", "coordinates": [ [ [ -78.646586675847018, 35.790388831402339 ], [ -78.647646347426218, 35.791970820584375 ], [ -78.649857756562255, 35.792014087060892 ], [ -78.651009407806399, 35.790475359417869 ], [ -78.649949686003296, 35.788893397777585 ], [ -78.647738363175549, 35.788850136238402 ], [ -78.646586675847018, 35.790388831402339 ] ] ] } },
{ "type": "Feature", "properties": { "cell_id": "H-00273", "area_sqm": 103923.0 }, "geometry": { "type": "Polygon", "coordinates": [ [ [ -78.64649460986719, 35.793509512363642 ], [ -78.647554317529668, 35.795091503101972 ], [ -78.649765812987255, 35.795134774516185 ], [ -78.650917514456381, 35.793596050254209 ], [ -78.649857756562255, 35.792014087060892 ], [ -78.647646347426218, 35.791970820584375 ], [ -78.64649460986719, 35.793509512363642 ] ] ] } },
{ "type": "Feature", "properties": { "cell_id": "H-00274", "area_sqm": 103923.0 }, "geometry": { "type": "Polygon", "coordinates": [ [ [ -78.646402529732384, 35.79663019149632 ], [ -78.647462273483697, 35.798212183791087 ], [ -78.649673855276035, 35.798255460143388 ], [ -78.650825606977889, 35.796716739262678 ], [ -78.649765812987255, 35.795134774516185 ], [ -78.647554317529668, 35.795091503101972 ], [ -78.646402529732384, 35.79663019149632 ] ] ] } },
{ "type": "Feature", "properties": { "cell_id": "H-00275", "area_sqm": 103923.0 }, "geometry": { "type": "Polygon", "coordinates": [ [ [ -78.646310435440441, 35.799750868800281 ], [ -78.647370215286088, 35.80133286265162 ], [ -78.64958188342645, 35.801376143942399 ], [ -78.650733685368749, 35.799837426443197 ], [ -78.649673855276035, 35.798255460143388 ], [ -78.647462273483697, 35.798212183791087 ], [ -78.646310435440441, 35.799750868800281 ] ] ] } },
{ "type": "Feature", "properties": { "cell_id": "H-00276", "area_sqm": 103923.0 }, "geometry": { "type": "Polygon", "coordinates": [ [ [ -78.646218326989143, 35.80287154427544 ], [ -78.647278142934638, 35.804453539683486 ], [ -78.649489897436311, 35.804496825913112 ], [ -78.650641749626757, 35.802958111795654 ], [ -78.64958188342645, 35.801376143942399 ], [ -78.647370215286088, 35.80133286265162 ], [ -78.646218326989143, 35.80287154427544 ] ] ] } },
{ "type": "Feature", "properties": { "cell_id": "H-00277", "area_sqm": 103923.0 }, "geometry": { "type": "Polygon", "coordinates": [ [ [ -78.646126204376273, 35.805992217921677 ], [ -78.647186056427174, 35.807574214886586 ], [ -78.649397897303373, 35.807617506055436 ], [ -78.650549799749726, 35.806078795319969 ], [ -78.649489897436311, 35.804496825913112 ], [ -78.647278142934638, 35.804453539683486 ], [ -78.646126204376273, 35.805992217921677 ] ] ] } },
{ "type": "Feature", "properties": { "cell_id": "H-00278", "area_sqm": 103923.0 }, "geometry": { "type": "Polygon", "coordinates": [ [ [ -78.646034067599658, 35.809112889738905 ], [ -78.647093955761477, 35.810694888260819 ], [ -78.649305883025477, 35.810738184369271 ], [ -78.650457835735452, 35.809199477016044 ], [ -78.649397897303373, 35.807617506055436 ], [ -78.647186056427174, 35.807574214886586 ], [ -78.646034067599658, 35.809112889738905 ] ] ] } },
{ "type": "Feature", "properties": { "cell_id": "H-00279", "area_sqm": 103923.0 }, "geometry": { "type": "Polygon", "coordinates": [ [ [ -78.645941916657094, 35.812233559727034 ], [ -78.647001840935374, 35.813815559806095 ], [ -78.649213854600418, 35.813858860854523 ], [ -78.650365857581733, 35.81232015688375 ], [ -78.649305883025477, 35.810738184369271 ], [ -78.647093955761477, 35.810694888260819 ], [ -78.645941916657094, 35.812233559727034 ] ] ] } },
{ "type": "Feature", "properties": { "cell_id": "H-00280", "area_sqm": 103923.0 }, "geometry": { "type": "Polygon", "coordinates": [ [ [ -78.645849751546365, 35.815354227885955 ], [ -78.64690971194662, 35.816936229522291 ], [ -78.649121812025996, 35.816979535511095 ], [ -78.65027386528638, 35.815440834923031 ], [ -78.649213854600418, 35.813858860854523 ], [ -78.647001840935374, 35.813815559806095 ], [ -78.645849751546365, 35.815354227885955 ] ] ] } },
{ "type": "Feature", "properties": { "cell_id": "H-00281", "area_sqm": 103923.0 }, "geometry": { "type": "Polygon", "coordinates": [ [ [ -78.645757572265282, 35.818474894215591 ], [ -78.646817568793054, 35.820056897409344 ], [ -78.649029755300006, 35.820100208338879 ], [ -78.650181858847205, 35.818561511133773 ], [ -78.649121812025996, 35.816979535511095 ], [ -78.64690971194662, 35.816936229522291 ], [ -78.645757572265282, 35.818474894215591 ] ] ] } },
{ "type": "Feature", "properties": { "cell_id": "H-00282", "area_sqm": 103923.0 }, "geometry": { "type": "Polygon", "coordinates": [ [ [ -78.645665378811628, 35.821595558715821 ], [ -78.646725411472431, 35.823177563467141 ], [ -78.648937684420247, 35.823220879337811 ], [ -78.650089838261977, 35.821682185515861 ], [ -78.649029755300006, 35.820100208338879 ], [ -78.646817568793054, 35.820056897409344 ], [ -78.645665378811628, 35.821595558715821 ] ] ] } },
{ "type": "Feature", "properties": { "cell_id": "H-00283", "area_sqm": 103923.0 }, "geometry": { "type": "Polygon", "coordinates": [ [ [ -78.644788819656085, 35.738832451295337 ], [ -78.645847828557947, 35.740414441526056 ], [ -78.648057808242527, 35.740457687408608 ], [ -78.649208692931921, 35.738918938122275 ], [ -78.648149633924007, 35.737336975375655 ], [ -78.645939740328345, 35.73729373443112 ], [ -78.644788819656085, 35.738832451295337 ] ] ] } },
{ "type": "Feature", "properties": { "cell_id": "H-00284", "area_sqm": 103923.0 }, "geometry": { "type": "Polygon", "coordinates": [ [ [ -78.644696857773042, 35.741953155005788 ], [ -78.645755902656688, 35.743535146793647 ], [ -78.647965968443387, 35.743578397614606 ], [ -78.649116903239914, 35.742039651709135 ], [ -78.648057808242527, 35.740457687408608 ], [ -78.645847828557947, 35.740414441526056 ], [ -78.644696857773042, 35.741953155005788 ] ] ] } },
{ "type": "Feature", "properties": { "cell_id": "H-00285", "area_sqm": 103923.0 }, "geometry": { "type": "Polygon", "coordinates": [ [ [ -78.644604881751434, 35.745073856888638 ], [ -78.645663962622365, 35.7466558502338 ], [ -78.647874114524399, 35.746699105993528 ], [ -78.649025099435775, 35.745160363469161 ], [ -78.647965968443387, 35.743578397614606 ], [ -78.645755902656688, 35.743535146793647 ], [ -78.644604881751434, 35.745073856888638 ] ] ] } },
{ "type": "Feature", "properties": { "cell_id": "H-00286", "area_sqm": 103923.0 }, "geometry": { "type": "Polygon", "coordinates": [ [ [ -78.644512891589059, 35.748194556943815 ], [ -78.645572008452788, 35.749776551846409 ], [ -78.647782246483388, 35.749819812545283 ], [ -78.648933281517287, 35.748281073402268 ], [ -78.647874114524399, 35.746699105993528 ], [ -78.645663962622365, 35.7466558502338 ], [ -78.644512891589059, 35.748194556943815 ] ] ] } },
{ "type": "Feature", "properties": { "cell_id": "H-00287", "area_sqm": 103923.0 }, "geometry": { "type": "Polygon", "coordinates": [ [ [ -78.644420887283715, 35.751315255171214 ], [ -78.645480040145756, 35.752897251631381 ], [ -78.647690364318137, 35.752940517269799 ], [ -78.64884144948229, 35.751401781508356 ], [ -78.647782246483388, 35.749819812545283 ], [ -78.645572008452788, 35.749776551846409 ], [ -78.644420887283715, 35.751315255171214 ] ] ] } },
{ "type": "Feature", "properties": { "cell_id": "H-00288", "area_sqm": 103923.0 }, "geometry": { "type": "Polygon", "coordinates": [ [ [ -78.644328868833227, 35.754435951570741 ], [ -78.645388057699094, 35.756017949588625 ], [ -78.647598468026459, 35.756061220166956 ], [ -78.648749603328554, 35.754522487787327 ], [ -78.647690364318137, 35.752940517269799 ], [ -78.645480040145756, 35.752897251631381 ], [ -78.644328868833227, 35.754435951570741 ] ] ] } },
{ "type": "Feature", "properties": { "cell_id": "H-00289", "area_sqm": 103923.0 }, "geometry": { "type": "Polygon", "coordinates": [ [ [ -78.644236836235379, 35.757556646142284 ], [ -78.645296061110585, 35.759138645718039 ], [ -78.647506557606178, 35.759181921236653 ], [ -78.648657743053931, 35.757643192239065 ], [ -78.647598468026459, 35.756061220166956 ], [ -78.645388057699094, 35.756017949588625 ], [ -78.644236836235379, 35.757556646142284 ] ] ] } },
{ "type": "Feature", "properties": { "cell_id": "H-00290", "area_sqm": 103923.0 }, "geometry": { "type": "Polygon", "coordinates": [ [ [ -78.644144789487981, 35.76067733888577 ], [ -78.645204050378055, 35.762259340019504 ], [ -78.647414633055078, 35.762302620478813 ], [ -78.648565868656206, 35.760763894863508 ], [ -78.647506557606178, 35.759181921236653 ], [ -78.645296061110585, 35.759138645718039 ], [ -78.644144789487981, 35.76067733888577 ] ] ] } },
{ "type": "Feature", "properties": { "cell_id": "H-00291", "area_sqm": 103923.0 }, "geometry": { "type": "Polygon", "coordinates": [ [ [ -78.644052728588861, 35.763798029801087 ], [ -78.645112025499287, 35.765380032492956 ], [ -78.647322694370985, 35.765423317893301 ], [ -78.648473980133204, 35.763884595660542 ], [ -78.647414633055078, 35.762302620478813 ], [ -78.645204050378055, 35.762259340019504 ], [ -78.644052728588861, 35.763798029801087 ] ] ] } },
{ "type": "Feature", "properties": { "cell_id": "H-00292", "area_sqm": 103923.0 }, "geometry": { "type": "Polygon", "coordinates": [ [ [ -78.6439606535358, 35.766918718888128 ], [ -78.645019986472107, 35.768500723138295 ], [ -78.647230741551709, 35.76854401348006 ], [ -78.648382077482708, 35.767005294630074 ], [ -78.647322694370985, 35.765423317893301 ], [ -78.645112025499287, 35.765380032492956 ], [ -78.6439606535358, 35.766918718888128 ] ] ] } },
{ "type": "Feature", "properties": { "cell_id": "H-00293", "area_sqm": 103923.0 }, "geometry": { "type": "Polygon", "coordinates": [ [ [ -78.643868564326596, 35.770039406146807 ], [ -78.644927933294298, 35.771621411955401 ], [ -78.647138774595049, 35.771664707238976 ], [ -78.648290160702544, 35.770125991771991 ], [ -78.647230741551709, 35.76854401348006 ], [ -78.645019986472107, 35.768500723138295 ], [ -78.643868564326596, 35.770039406146807 ] ] ] } },
{ "type": "Feature", "properties": { "cell_id": "H-00294", "area_sqm": 103923.0 }, "geometry": { "type": "Polygon", "coordinates": [ [ [ -78.64377646095906, 35.773160091577033 ], [ -78.644835865963685, 35.774742098944188 ], [ -78.647046793498788, 35.774785399169943 ], [ -78.648198229790495, 35.773246687086214 ], [ -78.647138774595049, 35.771664707238976 ], [ -78.644927933294298, 35.771621411955401 ], [ -78.64377646095906, 35.773160091577033 ] ] ] } },
{ "type": "Feature", "properties": { "cell_id": "H-00295", "area_sqm": 103923.0 }, "geometry": { "type": "Polygon", "coordinates": [ [ [ -78.643684343430991, 35.776280775178719 ], [ -78.644743784478067, 35.777862784104563 ], [ -78.646954798260779, 35.777906089272896 ], [ -78.648106284744415, 35.776367380572644 ], [ -78.647046793498788, 35.774785399169943 ], [ -78.644835865963685, 35.774742098944188 ], [ -78.643684343430991, 35.776280775178719 ] ] ] } },
{ "type": "Feature", "properties": { "cell_id": "H-00296", "area_sqm": 103923.0 }, "geometry": { "type": "Polygon", "coordinates": [ [ [ -78.643592211740213, 35.779401456951724 ], [ -78.644651688835239, 35.780983467436421 ], [ -78.646862788878778, 35.781026777547694 ], [ -78.648014325562059, 35.77948807223116 ], [ -78.646954798260779, 35.777906089272896 ], [ -78.644743784478067, 35.777862784104563 ], [ -78.643592211740213, 35.779401456951724 ] ] ] } },
{ "type": "Feature", "properties": { "cell_id": "H-00297", "area_sqm": 103923.0 }, "geometry": { "type": "Polygon", "coordinates": [ [ [ -78.643500065884496, 35.782522136895992 ], [ -78.644559579033, 35.784104148939669 ], [ -78.646770765350638, 35.784147463994273 ], [ -78.647922352241267, 35.782608762061699 ], [ -78.646862788878778, 35.781026777547694 ], [ -78.644651688835239, 35.780983467436421 ], [ -78.643500065884496, 35.782522136895992 ] ] ] } },
{ "type": "Feature", "properties": { "cell_id": "H-00298", "area_sqm": 103923.0 }, "geometry": { "type": "Polygon", "coordinates": [ [ [ -78.643407905861665, 35.7856428150114 ], [ -78.644467455069162, 35.787224828614207 ], [ -78.6466787276741, 35.787268148612519 ], [ -78.647830364779821, 35.785729450064146 ], [ -78.646770765350638, 35.784147463994273 ], [ -78.644559579033, 35.784104148939669 ], [ -78.643407905861665, 35.7856428150114 ] ] ] } },
{ "type": "Feature", "properties": { "cell_id": "H-00299", "area_sqm": 103923.0 }, "geometry": { "type": "Polygon", "coordinates": [ [ [ -78.643315731669489, 35.788763491297864 ], [ -78.64437531694152, 35.79034550645995 ], [ -78.646586675847018, 35.790388831402339 ], [ -78.647738363175549, 35.788850136238402 ], [ -78.6466787276741, 35.787268148612519 ], [ -78.644467455069162, 35.787224828614207 ], [ -78.643315731669489, 35.788763491297864 ] ] ] } },
{ "type": "Feature", "properties": { "cell_id": "H-00300", "area_sqm": 103923.0 }, "geometry": { "type": "Polygon", "coordinates": [ [ [ -78.643223543305794, 35.791884165755299 ], [ -78.64428316464786, 35.793466182476784 ], [ -78.64649460986719, 35.793509512363642 ], [ -78.647646347426218, 35.791970820584375 ], [ -78.646586675847018, 35.790388831402339 ], [ -78.64437531694152, 35.79034550645995 ], [ -78.643223543305794, 35.791884165755299 ] ] ] } },
{ "type": "Feature", "properties": { "cell_id": "H-00301", "area_sqm": 103923.0 }, "geometry": { "type": "Polygon", "coordinates": [ [ [ -78.643131340768392, 35.795004838383583 ], [ -78.644190998186005, 35.796586856664625 ], [ -78.646402529732384, 35.79663019149632 ], [ -78.647554317529668, 35.795091503101972 ], [ -78.64649460986719, 35.793509512363642 ], [ -78.64428316464786, 35.793466182476784 ], [ -78.643131340768392, 35.795004838383583 ] ] ] } },
{ "type": "Feature", "properties": { "cell_id": "H-00302", "area_sqm": 103923.0 }, "geometry": { "type": "Polygon", "coordinates": [ [ [ -78.643039124055036, 35.798125509182626 ], [ -78.64409881755374, 35.799707529023365 ], [ -78.646310435440441, 35.799750868800281 ], [ -78.647462273483697, 35.798212183791087 ], [ -78.646402529732384, 35.79663019149632 ], [ -78.644190998186005, 35.796586856664625 ], [ -78.643039124055036, 35.798125509182626 ] ] ] } },
{ "type": "Feature", "properties": { "cell_id": "H-00303", "area_sqm": 103923.0 }, "geometry": { "type": "Polygon", "coordinates": [ [ [ -78.642946893163554, 35.80124617815234 ], [ -78.64400662274889, 35.802828199552913 ], [ -78.646218326989143, 35.80287154427544 ], [ -78.647370215286088, 35.80133286265162 ], [ -78.646310435440441, 35.799750868800281 ], [ -78.64409881755374, 35.799707529023365 ], [ -78.642946893163554, 35.80124617815234 ] ] ] } },
{ "type": "Feature", "properties": { "cell_id": "H-00304", "area_sqm": 103923.0 }, "geometry": { "type": "Polygon", "coordinates": [ [ [ -78.642854648091742, 35.804366845292613 ], [ -78.64391441376921, 35.805948868253168 ], [ -78.646126204376273, 35.805992217921677 ], [ -78.647278142934638, 35.804453539683486 ], [ -78.646218326989143, 35.80287154427544 ], [ -78.64400662274889, 35.802828199552913 ], [ -78.642854648091742, 35.804366845292613 ] ] ] } },
{ "type": "Feature", "properties": { "cell_id": "H-00305", "area_sqm": 103923.0 }, "geometry": { "type": "Polygon", "coordinates": [ [ [ -78.642762388837397, 35.807487510603366 ], [ -78.643822190612525, 35.809069535124031 ], [ -78.646034067599658, 35.809112889738905 ], [ -78.647186056427174, 35.807574214886586 ], [ -78.646126204376273, 35.805992217921677 ], [ -78.64391441376921, 35.805948868253168 ], [ -78.642762388837397, 35.807487510603366 ] ] ] } },
{ "type": "Feature", "properties": { "cell_id": "H-00306", "area_sqm": 103923.0 }, "geometry": { "type": "Polygon", "coordinates": [ [ [ -78.642670115398317, 35.810608174084486 ], [ -78.643729953276633, 35.812190200165404 ], [ -78.645941916657094, 35.812233559727034 ], [ -78.647093955761477, 35.810694888260819 ], [ -78.646034067599658, 35.809112889738905 ], [ -78.643822190612525, 35.809069535124031 ], [ -78.642670115398317, 35.810608174084486 ] ] ] } },
{ "type": "Feature", "properties": { "cell_id": "H-00307", "area_sqm": 103923.0 }, "geometry": { "type": "Polygon", "coordinates": [ [ [ -78.642577827772286, 35.813728835735894 ], [ -78.643637701759332, 35.815310863377206 ], [ -78.645849751546365, 35.815354227885955 ], [ -78.647001840935374, 35.813815559806095 ], [ -78.645941916657094, 35.812233559727034 ], [ -78.643729953276633, 35.812190200165404 ], [ -78.642577827772286, 35.813728835735894 ] ] ] } },
{ "type": "Feature", "properties": { "cell_id": "H-00308", "area_sqm": 103923.0 }, "geometry": { "type": "Polygon", "coordinates": [ [ [ -78.642485525957099, 35.816849495557463 ], [ -78.643545436058389, 35.818431524759326 ], [ -78.645757572265282, 35.818474894215591 ], [ -78.64690971194662, 35.816936229522291 ], [ -78.645849751546365, 35.815354227885955 ], [ -78.643637701759332, 35.815310863377206 ], [ -78.642485525957099, 35.816849495557463 ] ] ] } },
{ "type": "Feature", "properties": { "cell_id": "H-00309", "area_sqm": 103923.0 }, "geometry": { "type": "Polygon", "coordinates": [ [ [ -78.642393209950569, 35.819970153549107 ], [ -78.643453156171631, 35.821552184311678 ], [ -78.645665378811628, 35.821595558715821 ], [ -78.646817568793054, 35.820056897409344 ], [ -78.645757572265282, 35.818474894215591 ], [ -78.643545436058389, 35.818431524759326 ], [ -78.642393209950569, 35.819970153549107 ] ] ] } },
{ "type": "Feature", "properties": { "cell_id": "H-00310", "area_sqm": 103923.0 }, "geometry": { "type": "Polygon", "coordinates": [ [ [ -78.641427883324084, 35.740327828115191 ], [ -78.642486842106692, 35.741909845827713 ], [ -78.644696857773042, 35.741953155005788 ], [ -78.645847828557947, 35.740414441526056 ], [ -78.644788819656085, 35.738832451295337 ], [ -78.642578890084152, 35.738789147062406 ], [ -78.641427883324084, 35.740327828115191 ] ] ] } },
{ "type": "Feature", "properties": { "cell_id": "H-00311", "area_sqm": 103923.0 }, "geometry": { "type": "Polygon", "coordinates": [ [ [ -78.641335785220747, 35.743448523492127 ], [ -78.642394779977451, 35.745030542765029 ], [ -78.644604881751434, 35.745073856888638 ], [ -78.645755902656688, 35.743535146793647 ], [ -78.644696857773042, 35.741953155005788 ], [ -78.642486842106692, 35.741909845827713 ], [ -78.641335785220747, 35.743448523492127 ] ] ] } },
{ "type": "Feature", "properties": { "cell_id": "H-00312", "area_sqm": 103923.0 }, "geometry": { "type": "Polygon", "coordinates": [ [ [ -78.641243672957941, 35.746569217040843 ], [ -78.642302703694213, 35.74815123787431 ], [ -78.644512891589059, 35.748194556943815 ], [ -78.645663962622365, 35.7466558502338 ], [ -78.644604881751434, 35.745073856888638 ], [ -78.642394779977451, 35.745030542765029 ], [ -78.641243672957941, 35.746569217040843 ] ] ] } },
{ "type": "Feature", "properties": { "cell_id": "H-00313", "area_sqm": 103923.0 }, "geometry": { "type": "Polygon", "coordinates": [ [ [ -78.641151546533436, 35.749689908761269 ], [ -78.642210613254818, 35.751271931155422 ], [ -78.644420887283715, 35.751315255171214 ], [ -78.645572008452788, 35.749776551846409 ], [ -78.644512891589059, 35.748194556943815 ], [ -78.642302703694213, 35.74815123787431 ], [ -78.641151546533436, 35.749689908761269 ] ] ] } },
{ "type": "Feature", "properties": { "cell_id": "H-00314", "area_sqm": 103923.0 }, "geometry": { "type": "Polygon", "coordinates": [ [ [ -78.641059405945072, 35.752810598653312 ], [ -78.64211850865702, 35.754392622608286 ], [ -78.644328868833227, 35.754435951570741 ], [ -78.645480040145756, 35.752897251631381 ], [ -78.644420887283715, 35.751315255171214 ], [ -78.642210613254818, 35.751271931155422 ], [ -78.641059405945072, 35.752810598653312 ] ] ] } },
{ "type": "Feature", "properties": { "cell_id": "H-00315", "area_sqm": 103923.0 }, "geometry": { "type": "Polygon", "coordinates": [ [ [ -78.640967251190588, 35.755931286716844 ], [ -78.64202638989866, 35.757513312232788 ], [ -78.644236836235379, 35.757556646142284 ], [ -78.645388057699094, 35.756017949588625 ], [ -78.644328868833227, 35.754435951570741 ], [ -78.64211850865702, 35.754392622608286 ], [ -78.640967251190588, 35.755931286716844 ] ] ] } },
{ "type": "Feature", "properties": { "cell_id": "H-00316", "area_sqm": 103923.0 }, "geometry": { "type": "Polygon", "coordinates": [ [ [ -78.64087508226784, 35.759051972951788 ], [ -78.641934256977535, 35.760634000028858 ], [ -78.644144789487981, 35.76067733888577 ], [ -78.645296061110585, 35.759138645718039 ], [ -78.644236836235379, 35.757556646142284 ], [ -78.64202638989866, 35.757513312232788 ], [ -78.64087508226784, 35.759051972951788 ] ] ] } },
{ "type": "Feature", "properties": { "cell_id": "H-00317", "area_sqm": 103923.0 }, "geometry": { "type": "Polygon", "coordinates": [ [ [ -78.64078289917461, 35.76217265735805 ], [ -78.641842109891456, 35.763754685996361 ], [ -78.644052728588861, 35.763798029801087 ], [ -78.645204050378055, 35.762259340019504 ], [ -78.644144789487981, 35.76067733888577 ], [ -78.641934256977535, 35.760634000028858 ], [ -78.64078289917461, 35.76217265735805 ] ] ] } },
{ "type": "Feature", "properties": { "cell_id": "H-00318", "area_sqm": 103923.0 }, "geometry": { "type": "Polygon", "coordinates": [ [ [ -78.640690701908696, 35.765293339935511 ], [ -78.641749948638193, 35.766875370135232 ], [ -78.6439606535358, 35.766918718888128 ], [ -78.645112025499287, 35.765380032492956 ], [ -78.644052728588861, 35.763798029801087 ], [ -78.641842109891456, 35.763754685996361 ], [ -78.640690701908696, 35.765293339935511 ] ] ] } },
{ "type": "Feature", "properties": { "cell_id": "H-00319", "area_sqm": 103923.0 }, "geometry": { "type": "Polygon", "coordinates": [ [ [ -78.640598490467909, 35.768414020684105 ], [ -78.641657773215584, 35.769996052445357 ], [ -78.643868564326596, 35.770039406146807 ], [ -78.645019986472107, 35.768500723138295 ], [ -78.6439606535358, 35.766918718888128 ], [ -78.641749948638193, 35.766875370135232 ], [ -78.640598490467909, 35.768414020684105 ] ] ] } },
{ "type": "Feature", "properties": { "cell_id": "H-00320", "area_sqm": 103923.0 }, "geometry": { "type": "Polygon", "coordinates": [ [ [ -78.640506264850046, 35.771534699603713 ], [ -78.6415655836214, 35.773116732926646 ], [ -78.64377646095906, 35.773160091577033 ], [ -78.644927933294298, 35.771621411955401 ], [ -78.643868564326596, 35.770039406146807 ], [ -78.641657773215584, 35.769996052445357 ], [ -78.640506264850046, 35.771534699603713 ] ] ] } },
{ "type": "Feature", "properties": { "cell_id": "H-00321", "area_sqm": 103923.0 }, "geometry": { "type": "Polygon", "coordinates": [ [ [ -78.640414025052891, 35.774655376694234 ], [ -78.641473379853466, 35.77623741157899 ], [ -78.643684343430991, 35.776280775178719 ], [ -78.644835865963685, 35.774742098944188 ], [ -78.64377646095906, 35.773160091577033 ], [ -78.6415655836214, 35.773116732926646 ], [ -78.640414025052891, 35.774655376694234 ] ] ] } },
{ "type": "Feature", "properties": { "cell_id": "H-00322", "area_sqm": 103923.0 }, "geometry": { "type": "Polygon", "coordinates": [ [ [ -78.640321771074269, 35.777776051955598 ], [ -78.641381161909536, 35.779358088402311 ], [ -78.643592211740213, 35.779401456951724 ], [ -78.644743784478067, 35.777862784104563 ], [ -78.643684343430991, 35.776280775178719 ], [ -78.641473379853466, 35.77623741157899 ], [ -78.640321771074269, 35.777776051955598 ] ] ] } },
{ "type": "Feature", "properties": { "cell_id": "H-00323", "area_sqm": 103923.0 }, "geometry": { "type": "Polygon", "coordinates": [ [ [ -78.64022950291195, 35.780896725387677 ], [ -78.641288929787478, 35.78247876339649 ], [ -78.643500065884496, 35.782522136895992 ], [ -78.644651688835239, 35.780983467436421 ], [ -78.643592211740213, 35.779401456951724 ], [ -78.641381161909536, 35.779358088402311 ], [ -78.64022950291195, 35.780896725387677 ] ] ] } },
{ "type": "Feature", "properties": { "cell_id": "H-00324", "area_sqm": 103923.0 }, "geometry": { "type": "Polygon", "coordinates": [ [ [ -78.640137220563759, 35.784017396990379 ], [ -78.641196683485035, 35.785599436561448 ], [ -78.643407905861665, 35.7856428150114 ], [ -78.644559579033, 35.784104148939669 ], [ -78.643500065884496, 35.782522136895992 ], [ -78.641288929787478, 35.78247876339649 ], [ -78.640137220563759, 35.784017396990379 ] ] ] } },
{ "type": "Feature", "properties": { "cell_id": "H-00325", "area_sqm": 103923.0 }, "geometry": { "type": "Polygon", "coordinates": [ [ [ -78.640044924027464, 35.787138066763617 ], [ -78.64110442300003, 35.78872010789707 ], [ -78.643315731669489, 35.788763491297864 ], [ -78.644467455069162, 35.787224828614207 ], [ -78.643407905861665, 35.7856428150114 ], [ -78.641196683485035, 35.785599436561448 ], [ -78.640044924027464, 35.787138066763617 ] ] ] } },
{ "type": "Feature", "properties": { "cell_id": "H-00326", "area_sqm": 103923.0 }, "geometry": { "type": "Polygon", "coordinates": [ [ [ -78.639952613300892, 35.790258734707301 ], [ -78.641012148330248, 35.791840777403273 ], [ -78.643223543305794, 35.791884165755299 ], [ -78.64437531694152, 35.79034550645995 ], [ -78.643315731669489, 35.788763491297864 ], [ -78.64110442300003, 35.78872010789707 ], [ -78.639952613300892, 35.790258734707301 ] ] ] } },
{ "type": "Feature", "properties": { "cell_id": "H-00327", "area_sqm": 103923.0 }, "geometry": { "type": "Polygon", "coordinates": [ [ [ -78.63986028838184, 35.793379400821308 ], [ -78.640919859473499, 35.794961445079963 ], [ -78.643131340768392, 35.795004838383583 ], [ -78.64428316464786, 35.793466182476784 ], [ -78.643223543305794, 35.791884165755299 ], [ -78.641012148330248, 35.791840777403273 ], [ -78.63986028838184, 35.793379400821308 ] ] ] } },
{ "type": "Feature", "properties": { "cell_id": "H-00328", "area_sqm": 103923.0 }, "geometry": { "type": "Polygon", "coordinates": [ [ [ -78.639767949268062, 35.796500065105576 ], [ -78.640827556427567, 35.798082110927027 ], [ -78.643039124055036, 35.798125509182626 ], [ -78.644190998186005, 35.796586856664625 ], [ -78.643131340768392, 35.795004838383583 ], [ -78.640919859473499, 35.794961445079963 ], [ -78.639767949268062, 35.796500065105576 ] ] ] } },
{ "type": "Feature", "properties": { "cell_id": "H-00329", "area_sqm": 103923.0 }, "geometry": { "type": "Polygon", "coordinates": [ [ [ -78.639675595957399, 35.799620727559976 ], [ -78.640735239190249, 35.801202774944372 ], [ -78.642946893163554, 35.80124617815234 ], [ -78.64409881755374, 35.799707529023365 ], [ -78.643039124055036, 35.798125509182626 ], [ -78.640827556427567, 35.798082110927027 ], [ -78.639675595957399, 35.799620727559976 ] ] ] } },
{ "type": "Feature", "properties": { "cell_id": "H-00330", "area_sqm": 103923.0 }, "geometry": { "type": "Polygon", "coordinates": [ [ [ -78.63958322844762, 35.802741388184401 ], [ -78.640642907759357, 35.804323437131913 ], [ -78.642854648091742, 35.804366845292613 ], [ -78.64400662274889, 35.802828199552913 ], [ -78.642946893163554, 35.80124617815234 ], [ -78.640735239190249, 35.801202774944372 ], [ -78.63958322844762, 35.802741388184401 ] ] ] } },
{ "type": "Feature", "properties": { "cell_id": "H-00331", "area_sqm": 103923.0 }, "geometry": { "type": "Polygon", "coordinates": [ [ [ -78.639490846736521, 35.805862046978795 ], [ -78.640550562132674, 35.807444097489537 ], [ -78.642762388837397, 35.807487510603366 ], [ -78.64391441376921, 35.805948868253168 ], [ -78.642854648091742, 35.804366845292613 ], [ -78.640642907759357, 35.804323437131913 ], [ -78.639490846736521, 35.805862046978795 ] ] ] } },
{ "type": "Feature", "properties": { "cell_id": "H-00332", "area_sqm": 103923.0 }, "geometry": { "type": "Polygon", "coordinates": [ [ [ -78.639398450821901, 35.808982703943038 ], [ -78.640458202307997, 35.810564756017158 ], [ -78.642670115398317, 35.810608174084486 ], [ -78.643822190612525, 35.809069535124031 ], [ -78.642762388837397, 35.807487510603366 ], [ -78.640550562132674, 35.807444097489537 ], [ -78.639398450821901, 35.808982703943038 ] ] ] } },
{ "type": "Feature", "properties": { "cell_id": "H-00333", "area_sqm": 103923.0 }, "geometry": { "type": "Polygon", "coordinates": [ [ [ -78.639306040701555, 35.812103359077028 ], [ -78.640365828283109, 35.813685412714662 ], [ -78.642577827772286, 35.813728835735894 ], [ -78.643729953276633, 35.812190200165404 ], [ -78.642670115398317, 35.810608174084486 ], [ -78.640458202307997, 35.810564756017158 ], [ -78.639306040701555, 35.812103359077028 ] ] ] } },
{ "type": "Feature", "properties": { "cell_id": "H-00334", "area_sqm": 103923.0 }, "geometry": { "type": "Polygon", "coordinates": [ [ [ -78.639213616373283, 35.815224012380675 ], [ -78.640273440055807, 35.816806067581979 ], [ -78.642485525957099, 35.816849495557463 ], [ -78.643637701759332, 35.815310863377206 ], [ -78.642577827772286, 35.813728835735894 ], [ -78.640365828283109, 35.813685412714662 ], [ -78.639213616373283, 35.815224012380675 ] ] ] } },
{ "type": "Feature", "properties": { "cell_id": "H-00335", "area_sqm": 103923.0 }, "geometry": { "type": "Polygon", "coordinates": [ [ [ -78.639121177834852, 35.818344663853878 ], [ -78.640181037623904, 35.819926720618987 ], [ -78.642393209950569, 35.819970153549107 ], [ -78.643545436058389, 35.818431524759326 ], [ -78.642485525957099, 35.816849495557463 ], [ -78.640273440055807, 35.816806067581979 ], [ -78.639121177834852, 35.818344663853878 ] ] ] } },
{ "type": "Feature", "properties": { "cell_id": "H-00336", "area_sqm": 103923.0 }, "geometry": { "type": "Polygon", "coordinates": [ [ [ -78.639028725084074, 35.82146531349656 ], [ -78.640088620985168, 35.823047371825609 ], [ -78.642300879750479, 35.823090809710763 ], [ -78.643453156171631, 35.821552184311678 ], [ -78.642393209950569, 35.819970153549107 ], [ -78.640181037623904, 35.819926720618987 ], [ -78.639028725084074, 35.82146531349656 ] ] ] } },
{ "type": "Feature", "properties": { "cell_id": "H-00337", "area_sqm": 103923.0 }, "geometry": { "type": "Polygon", "coordinates": [ [ [ -78.638159045094284, 35.738702416958979 ], [ -78.639217917783583, 35.740284460587461 ], [ -78.641427883324084, 35.740327828115191 ], [ -78.642578890084152, 35.738789147062406 ], [ -78.641519967270099, 35.737207130910178 ], [ -78.639310087816327, 35.737163768334327 ], [ -78.638159045094284, 35.738702416958979 ] ] ] } },
{ "type": "Feature", "properties": { "cell_id": "H-00338", "area_sqm": 103923.0 }, "geometry": { "type": "Polygon", "coordinates": [ [ [ -78.638066824930178, 35.74182310582011 ], [ -78.639125733580343, 35.743405151012112 ], [ -78.641335785220747, 35.743448523492127 ], [ -78.642486842106692, 35.741909845827713 ], [ -78.641427883324084, 35.740327828115191 ], [ -78.639217917783583, 35.740284460587461 ], [ -78.638066824930178, 35.74182310582011 ] ] ] } },
{ "type": "Feature", "properties": { "cell_id": "H-00339", "area_sqm": 103923.0 }, "geometry": { "type": "Polygon", "coordinates": [ [ [ -78.637974590587859, 35.74494379285251 ], [ -78.639033535204376, 35.746525839608189 ], [ -78.641243672957941, 35.746569217040843 ], [ -78.642394779977451, 35.745030542765029 ], [ -78.641335785220747, 35.743448523492127 ], [ -78.639125733580343, 35.743405151012112 ], [ -78.637974590587859, 35.74494379285251 ] ] ] } },
{ "type": "Feature", "properties": { "cell_id": "H-00340", "area_sqm": 103923.0 }, "geometry": { "type": "Polygon", "coordinates": [ [ [ -78.637882342065126, 35.748064478056108 ], [ -78.638941322653508, 35.749646526375578 ], [ -78.641151546533436, 35.749689908761269 ], [ -78.642302703694213, 35.74815123787431 ], [ -78.641243672957941, 35.746569217040843 ], [ -78.639033535204376, 35.746525839608189 ], [ -78.637882342065126, 35.748064478056108 ] ] ] } },
{ "type": "Feature", "properties": { "cell_id": "H-00341", "area_sqm": 103923.0 }, "geometry": { "type": "Polygon", "coordinates": [ [ [ -78.637790079359775, 35.751185161430797 ], [ -78.638849095925551, 35.752767211314186 ], [ -78.641059405945072, 35.752810598653312 ], [ -78.642210613254818, 35.751271931155422 ], [ -78.641151546533436, 35.749689908761269 ], [ -78.638941322653508, 35.749646526375578 ], [ -78.637790079359775, 35.751185161430797 ] ] ] } },
{ "type": "Feature", "properties": { "cell_id": "H-00342", "area_sqm": 103923.0 }, "geometry": { "type": "Polygon", "coordinates": [ [ [ -78.637697802469617, 35.75430584297645 ], [ -78.638756855018286, 35.755887894423935 ], [ -78.640967251190588, 35.755931286716844 ], [ -78.64211850865702, 35.754392622608286 ], [ -78.641059405945072, 35.752810598653312 ], [ -78.638849095925551, 35.752767211314186 ], [ -78.637697802469617, 35.75430584297645 ] ] ] } },
{ "type": "Feature", "properties": { "cell_id": "H-00343", "area_sqm": 103923.0 }, "geometry": { "type": "Polygon", "coordinates": [ [ [ -78.637605511392437, 35.757426522692988 ], [ -78.638664599929498, 35.759008575704726 ], [ -78.64087508226784, 35.759051972951788 ], [ -78.64202638989866, 35.757513312232788 ], [ -78.640967251190588, 35.755931286716844 ], [ -78.638756855018286, 35.755887894423935 ], [ -78.637605511392437, 35.757426522692988 ] ] ] } },
{ "type": "Feature", "properties": { "cell_id": "H-00344", "area_sqm": 103923.0 }, "geometry": { "type": "Polygon", "coordinates": [ [ [ -78.63751320612603, 35.760547200580334 ], [ -78.638572330657027, 35.762129255156424 ], [ -78.64078289917461, 35.76217265735805 ], [ -78.641934256977535, 35.760634000028858 ], [ -78.64087508226784, 35.759051972951788 ], [ -78.638664599929498, 35.759008575704726 ], [ -78.63751320612603, 35.760547200580334 ] ] ] } },
{ "type": "Feature", "properties": { "cell_id": "H-00345", "area_sqm": 103923.0 }, "geometry": { "type": "Polygon", "coordinates": [ [ [ -78.637420886668224, 35.763667876638358 ], [ -78.638480047198627, 35.765249932778964 ], [ -78.640690701908696, 35.765293339935511 ], [ -78.641842109891456, 35.763754685996361 ], [ -78.64078289917461, 35.76217265735805 ], [ -78.638572330657027, 35.762129255156424 ], [ -78.637420886668224, 35.763667876638358 ] ] ] } },
{ "type": "Feature", "properties": { "cell_id": "H-00346", "area_sqm": 103923.0 }, "geometry": { "type": "Polygon", "coordinates": [ [ [ -78.6373285530168, 35.766788550866977 ], [ -78.638387749552138, 35.768370608572248 ], [ -78.640598490467909, 35.768414020684105 ], [ -78.641749948638193, 35.766875370135232 ], [ -78.640690701908696, 35.765293339935511 ], [ -78.638480047198627, 35.765249932778964 ], [ -78.6373285530168, 35.766788550866977 ] ] ] } },
{ "type": "Feature", "properties": { "cell_id": "H-00347", "area_sqm": 103923.0 }, "geometry": { "type": "Polygon", "coordinates": [ [ [ -78.637236205169529, 35.76990922326609 ], [ -78.638295437715328, 35.771491282536154 ], [ -78.640506264850046, 35.771534699603713 ], [ -78.641657773215584, 35.769996052445357 ], [ -78.640598490467909, 35.768414020684105 ], [ -78.638387749552138, 35.768370608572248 ], [ -78.637236205169529, 35.76990922326609 ] ] ] } },
{ "type": "Feature", "properties": { "cell_id": "H-00348", "area_sqm": 103923.0 }, "geometry": { "type": "Polygon", "coordinates": [ [ [ -78.63714384312425, 35.773029893835627 ], [ -78.638203111686025, 35.774611954670604 ], [ -78.640414025052891, 35.774655376694234 ], [ -78.6415655836214, 35.773116732926646 ], [ -78.640506264850046, 35.771534699603713 ], [ -78.638295437715328, 35.771491282536154 ], [ -78.63714384312425, 35.773029893835627 ] ] ] } },
{ "type": "Feature", "properties": { "cell_id": "H-00349", "area_sqm": 103923.0 }, "geometry": { "type": "Polygon", "coordinates": [ [ [ -78.637051466878731, 35.776150562575459 ], [ -78.638110771461996, 35.777732624975513 ], [ -78.640321771074269, 35.777776051955598 ], [ -78.641473379853466, 35.77623741157899 ], [ -78.640414025052891, 35.774655376694234 ], [ -78.638203111686025, 35.774611954670604 ], [ -78.637051466878731, 35.776150562575459 ] ] ] } },
{ "type": "Feature", "properties": { "cell_id": "H-00350", "area_sqm": 103923.0 }, "geometry": { "type": "Polygon", "coordinates": [ [ [ -78.636959076430784, 35.779271229485474 ], [ -78.638018417041039, 35.780853293450754 ], [ -78.64022950291195, 35.780896725387677 ], [ -78.641381161909536, 35.779358088402311 ], [ -78.640321771074269, 35.777776051955598 ], [ -78.638110771461996, 35.777732624975513 ], [ -78.636959076430784, 35.779271229485474 ] ] ] } },
{ "type": "Feature", "properties": { "cell_id": "H-00351", "area_sqm": 103923.0 }, "geometry": { "type": "Polygon", "coordinates": [ [ [ -78.636866671778193, 35.782391894565599 ], [ -78.637926048420965, 35.783973960096247 ], [ -78.640137220563759, 35.784017396990379 ], [ -78.641288929787478, 35.78247876339649 ], [ -78.64022950291195, 35.780896725387677 ], [ -78.638018417041039, 35.780853293450754 ], [ -78.636866671778193, 35.782391894565599 ] ] ] } },
{ "type": "Feature", "properties": { "cell_id": "H-00352", "area_sqm": 103923.0 }, "geometry": { "type": "Polygon", "coordinates": [ [ [ -78.636774252918769, 35.785512557815743 ], [ -78.637833665599558, 35.787094624911894 ], [ -78.640044924027464, 35.787138066763617 ], [ -78.641196683485035, 35.785599436561448 ], [ -78.640137220563759, 35.784017396990379 ], [ -78.637926048420965, 35.783973960096247 ], [ -78.636774252918769, 35.785512557815743 ] ] ] } },
{ "type": "Feature", "properties": { "cell_id": "H-00353", "area_sqm": 103923.0 }, "geometry": { "type": "Polygon", "coordinates": [ [ [ -78.636681819850267, 35.788633219235805 ], [ -78.637741268574629, 35.790215287897595 ], [ -78.639952613300892, 35.790258734707301 ], [ -78.64110442300003, 35.78872010789707 ], [ -78.640044924027464, 35.787138066763617 ], [ -78.637833665599558, 35.787094624911894 ], [ -78.636681819850267, 35.788633219235805 ] ] ] } },
{ "type": "Feature", "properties": { "cell_id": "H-00354", "area_sqm": 103923.0 }, "geometry": { "type": "Polygon", "coordinates": [ [ [ -78.636589372570526, 35.791753878825681 ], [ -78.637648857343947, 35.793335949053251 ], [ -78.63986028838184, 35.793379400821308 ], [ -78.641012148330248, 35.791840777403273 ], [ -78.639952613300892, 35.790258734707301 ], [ -78.637741268574629, 35.790215287897595 ], [ -78.636589372570526, 35.791753878825681 ] ] ] } },
{ "type": "Feature", "properties": { "cell_id": "H-00355", "area_sqm": 103923.0 }, "geometry": { "type": "Polygon", "coordinates": [ [ [ -78.636496911077316, 35.794874536585262 ], [ -78.637556431905338, 35.796456608378769 ], [ -78.639767949268062, 35.796500065105576 ], [ -78.640919859473499, 35.794961445079963 ], [ -78.63986028838184, 35.793379400821308 ], [ -78.637648857343947, 35.793335949053251 ], [ -78.636496911077316, 35.794874536585262 ] ] ] } },
{ "type": "Feature", "properties": { "cell_id": "H-00356", "area_sqm": 103923.0 }, "geometry": { "type": "Polygon", "coordinates": [ [ [ -78.636404435368433, 35.79799519251447 ], [ -78.637463992256556, 35.799577265874042 ], [ -78.639675595957399, 35.799620727559976 ], [ -78.640827556427567, 35.798082110927027 ], [ -78.639767949268062, 35.796500065105576 ], [ -78.637556431905338, 35.796456608378769 ], [ -78.636404435368433, 35.79799519251447 ] ] ] } },
{ "type": "Feature", "properties": { "cell_id": "H-00357", "area_sqm": 103923.0 }, "geometry": { "type": "Polygon", "coordinates": [ [ [ -78.636311945441662, 35.8011158466132 ], [ -78.637371538395428, 35.802697921538993 ], [ -78.63958322844762, 35.802741388184401 ], [ -78.640735239190249, 35.801202774944372 ], [ -78.639675595957399, 35.799620727559976 ], [ -78.637463992256556, 35.799577265874042 ], [ -78.636311945441662, 35.8011158466132 ] ] ] } },
{ "type": "Feature", "properties": { "cell_id": "H-00358", "area_sqm": 103923.0 }, "geometry": { "type": "Polygon", "coordinates": [ [ [ -78.636219441294799, 35.804236498881352 ], [ -78.637279070319721, 35.805818575373493 ], [ -78.639490846736521, 35.805862046978795 ], [ -78.640642907759357, 35.804323437131913 ], [ -78.63958322844762, 35.802741388184401 ], [ -78.637371538395428, 35.802697921538993 ], [ -78.636219441294799, 35.804236498881352 ] ] ] } },
{ "type": "Feature", "properties": { "cell_id": "H-00359", "area_sqm": 103923.0 }, "geometry": { "type": "Polygon", "coordinates": [ [ [ -78.636126922925641, 35.807357149318847 ], [ -78.637186588027248, 35.808939227377486 ], [ -78.639398450821901, 35.808982703943038 ], [ -78.640550562132674, 35.807444097489537 ], [ -78.639490846736521, 35.805862046978795 ], [ -78.637279070319721, 35.805818575373493 ], [ -78.636126922925641, 35.807357149318847 ] ] ] } },
{ "type": "Feature", "properties": { "cell_id": "H-00360", "area_sqm": 103923.0 }, "geometry": { "type": "Polygon", "coordinates": [ [ [ -78.636034390331986, 35.810477797925557 ], [ -78.637094091515777, 35.812059877550816 ], [ -78.639306040701555, 35.812103359077028 ], [ -78.640458202307997, 35.810564756017158 ], [ -78.639398450821901, 35.808982703943038 ], [ -78.637186588027248, 35.808939227377486 ], [ -78.636034390331986, 35.810477797925557 ] ] ] } },
{ "type": "Feature", "properties": { "cell_id": "H-00361", "area_sqm": 103923.0 }, "geometry": { "type": "Polygon", "coordinates": [ [ [ -78.635941843511603, 35.813598444701398 ], [ -78.637001580783121, 35.815180525893446 ], [ -78.639213616373283, 35.815224012380675 ], [ -78.640365828283109, 35.813685412714662 ], [ -78.639306040701555, 35.812103359077028 ], [ -78.637094091515777, 35.812059877550816 ], [ -78.635941843511603, 35.813598444701398 ] ] ] } },
{ "type": "Feature", "properties": { "cell_id": "H-00362", "area_sqm": 103923.0 }, "geometry": { "type": "Polygon", "coordinates": [ [ [ -78.635849282462274, 35.816719089646277 ], [ -78.636909055827047, 35.818301172405256 ], [ -78.639121177834852, 35.818344663853878 ], [ -78.640273440055807, 35.816806067581979 ], [ -78.639213616373283, 35.815224012380675 ], [ -78.637001580783121, 35.815180525893446 ], [ -78.635849282462274, 35.816719089646277 ] ] ] } },
{ "type": "Feature", "properties": { "cell_id": "H-00363", "area_sqm": 103923.0 }, "geometry": { "type": "Polygon", "coordinates": [ [ [ -78.635756707181812, 35.819839732760094 ], [ -78.636816516645368, 35.82142181708614 ], [ -78.639028725084074, 35.82146531349656 ], [ -78.640181037623904, 35.819926720618987 ], [ -78.639121177834852, 35.818344663853878 ], [ -78.636909055827047, 35.818301172405256 ], [ -78.635756707181812, 35.819839732760094 ] ] ] } },
{ "type": "Feature", "properties": { "cell_id": "H-00364", "area_sqm": 103923.0 }, "geometry": { "type": "Polygon", "coordinates": [ [ [ -78.63479800087751, 35.740197603888738 ], [ -78.635856823428838, 35.741779674991172 ], [ -78.638066824930178, 35.74182310582011 ], [ -78.639217917783583, 35.740284460587461 ], [ -78.638159045094284, 35.738702416958979 ], [ -78.635949129685159, 35.738658991089046 ], [ -78.63479800087751, 35.740197603888738 ] ] ] } },
{ "type": "Feature", "properties": { "cell_id": "H-00365", "area_sqm": 103923.0 }, "geometry": { "type": "Polygon", "coordinates": [ [ [ -78.634705644476597, 35.743318284394974 ], [ -78.635764502981075, 35.744900357064168 ], [ -78.637974590587859, 35.74494379285251 ], [ -78.639125733580343, 35.743405151012112 ], [ -78.638066824930178, 35.74182310582011 ], [ -78.635856823428838, 35.741779674991172 ], [ -78.634705644476597, 35.743318284394974 ] ] ] } },
{ "type": "Feature", "properties": { "cell_id": "H-00366", "area_sqm": 103923.0 }, "geometry": { "type": "Polygon", "coordinates": [ [ [ -78.634613273876553, 35.746438963071874 ], [ -78.635672168339681, 35.748021037307979 ], [ -78.637882342065126, 35.748064478056108 ], [ -78.639033535204376, 35.746525839608189 ], [ -78.637974590587859, 35.74494379285251 ], [ -78.635764502981075, 35.744900357064168 ], [ -78.634613273876553, 35.746438963071874 ] ] ] } },
{ "type": "Feature", "properties": { "cell_id": "H-00367", "area_sqm": 103923.0 }, "geometry": { "type": "Polygon", "coordinates": [ [ [ -78.634520889075162, 35.749559639919319 ], [ -78.635579819502468, 35.751141715722497 ], [ -78.637790079359775, 35.751185161430797 ], [ -78.638941322653508, 35.749646526375578 ], [ -78.637882342065126, 35.748064478056108 ], [ -78.635672168339681, 35.748021037307979 ], [ -78.634520889075162, 35.749559639919319 ] ] ] } },
{ "type": "Feature", "properties": { "cell_id": "H-00368", "area_sqm": 103923.0 }, "geometry": { "type": "Polygon", "coordinates": [ [ [ -78.634428490070249, 35.752680314937244 ], [ -78.635487456467203, 35.754262392307616 ], [ -78.637697802469617, 35.75430584297645 ], [ -78.638849095925551, 35.752767211314186 ], [ -78.637790079359775, 35.751185161430797 ], [ -78.635579819502468, 35.751141715722497 ], [ -78.634428490070249, 35.752680314937244 ] ] ] } },
{ "type": "Feature", "properties": { "cell_id": "H-00369", "area_sqm": 103923.0 }, "geometry": { "type": "Polygon", "coordinates": [ [ [ -78.634336076859569, 35.755800988125522 ], [ -78.635395079231714, 35.75738306706323 ], [ -78.637605511392437, 35.757426522692988 ], [ -78.638756855018286, 35.755887894423935 ], [ -78.637697802469617, 35.75430584297645 ], [ -78.635487456467203, 35.754262392307616 ], [ -78.634336076859569, 35.755800988125522 ] ] ] } },
{ "type": "Feature", "properties": { "cell_id": "H-00370", "area_sqm": 103923.0 }, "geometry": { "type": "Polygon", "coordinates": [ [ [ -78.634243649440947, 35.758921659484074 ], [ -78.635302687793782, 35.760503739989261 ], [ -78.63751320612603, 35.760547200580334 ], [ -78.638664599929498, 35.759008575704726 ], [ -78.637605511392437, 35.757426522692988 ], [ -78.635395079231714, 35.75738306706323 ], [ -78.634243649440947, 35.758921659484074 ] ] ] } },
{ "type": "Feature", "properties": { "cell_id": "H-00371", "area_sqm": 103923.0 }, "geometry": { "type": "Polygon", "coordinates": [ [ [ -78.634151207812167, 35.762042329012793 ], [ -78.63521028215122, 35.763624411085623 ], [ -78.637420886668224, 35.763667876638358 ], [ -78.638572330657027, 35.762129255156424 ], [ -78.63751320612603, 35.760547200580334 ], [ -78.635302687793782, 35.760503739989261 ], [ -78.634151207812167, 35.762042329012793 ] ] ] } },
{ "type": "Feature", "properties": { "cell_id": "H-00372", "area_sqm": 103923.0 }, "geometry": { "type": "Polygon", "coordinates": [ [ [ -78.63405875197104, 35.765162996711581 ], [ -78.635117862301797, 35.76674508035218 ], [ -78.6373285530168, 35.766788550866977 ], [ -78.638480047198627, 35.765249932778964 ], [ -78.637420886668224, 35.763667876638358 ], [ -78.63521028215122, 35.763624411085623 ], [ -78.63405875197104, 35.765162996711581 ] ] ] } },
{ "type": "Feature", "properties": { "cell_id": "H-00373", "area_sqm": 103923.0 }, "geometry": { "type": "Polygon", "coordinates": [ [ [ -78.633966281915335, 35.768283662580352 ], [ -78.635025428243324, 35.769865747788842 ], [ -78.637236205169529, 35.76990922326609 ], [ -78.638387749552138, 35.768370608572248 ], [ -78.6373285530168, 35.766788550866977 ], [ -78.635117862301797, 35.76674508035218 ], [ -78.633966281915335, 35.768283662580352 ] ] ] } },
{ "type": "Feature", "properties": { "cell_id": "H-00374", "area_sqm": 103923.0 }, "geometry": { "type": "Polygon", "coordinates": [ [ [ -78.633873797642863, 35.771404326618999 ], [ -78.634932979973584, 35.77298641339555 ], [ -78.63714384312425, 35.773029893835627 ], [ -78.638295437715328, 35.771491282536154 ], [ -78.637236205169529, 35.76990922326609 ], [ -78.635025428243324, 35.769865747788842 ], [ -78.633873797642863, 35.771404326618999 ] ] ] } },
{ "type": "Feature", "properties": { "cell_id": "H-00375", "area_sqm": 103923.0 }, "geometry": { "type": "Polygon", "coordinates": [ [ [ -78.633781299151437, 35.774524988827423 ], [ -78.634840517490389, 35.776107077172163 ], [ -78.637051466878731, 35.776150562575459 ], [ -78.638203111686025, 35.774611954670604 ], [ -78.63714384312425, 35.773029893835627 ], [ -78.634932979973584, 35.77298641339555 ], [ -78.633781299151437, 35.774524988827423 ] ] ] } },
{ "type": "Feature", "properties": { "cell_id": "H-00376", "area_sqm": 103923.0 }, "geometry": { "type": "Polygon", "coordinates": [ [ [ -78.633688786438796, 35.777645649205532 ], [ -78.634748040791521, 35.77922773911861 ], [ -78.636959076430784, 35.779271229485474 ], [ -78.638110771461996, 35.777732624975513 ], [ -78.637051466878731, 35.776150562575459 ], [ -78.634840517490389, 35.776107077172163 ], [ -78.633688786438796, 35.777645649205532 ] ] ] } },
{ "type": "Feature", "properties": { "cell_id": "H-00377", "area_sqm": 103923.0 }, "geometry": { "type": "Polygon", "coordinates": [ [ [ -78.633596259502767, 35.780766307753218 ], [ -78.634655549874765, 35.782348399234763 ], [ -78.636866671778193, 35.782391894565599 ], [ -78.638018417041039, 35.780853293450754 ], [ -78.636959076430784, 35.779271229485474 ], [ -78.634748040791521, 35.77922773911861 ], [ -78.633596259502767, 35.780766307753218 ] ] ] } },
{ "type": "Feature", "properties": { "cell_id": "H-00378", "area_sqm": 103923.0 }, "geometry": { "type": "Polygon", "coordinates": [ [ [ -78.633503718341146, 35.783886964470398 ], [ -78.634563044737945, 35.785469057520572 ], [ -78.636774252918769, 35.785512557815743 ], [ -78.637926048420965, 35.783973960096247 ], [ -78.636866671778193, 35.782391894565599 ], [ -78.634655549874765, 35.782348399234763 ], [ -78.633503718341146, 35.783886964470398 ] ] ] } },
{ "type": "Feature", "properties": { "cell_id": "H-00379", "area_sqm": 103923.0 }, "geometry": { "type": "Polygon", "coordinates": [ [ [ -78.633411162951703, 35.787007619356963 ], [ -78.634470525378816, 35.788589713975895 ], [ -78.636681819850267, 35.788633219235805 ], [ -78.637833665599558, 35.787094624911894 ], [ -78.636774252918769, 35.785512557815743 ], [ -78.634563044737945, 35.785469057520572 ], [ -78.633411162951703, 35.787007619356963 ] ] ] } },
{ "type": "Feature", "properties": { "cell_id": "H-00380", "area_sqm": 103923.0 }, "geometry": { "type": "Polygon", "coordinates": [ [ [ -78.633318593332262, 35.790128272412836 ], [ -78.634377991795191, 35.791710368600647 ], [ -78.636589372570526, 35.791753878825681 ], [ -78.637741268574629, 35.790215287897595 ], [ -78.636681819850267, 35.788633219235805 ], [ -78.634470525378816, 35.788589713975895 ], [ -78.633318593332262, 35.790128272412836 ] ] ] } },
{ "type": "Feature", "properties": { "cell_id": "H-00381", "area_sqm": 103923.0 }, "geometry": { "type": "Polygon", "coordinates": [ [ [ -78.63322600948058, 35.793248923637876 ], [ -78.634285443984851, 35.794831021394742 ], [ -78.636496911077316, 35.794874536585262 ], [ -78.637648857343947, 35.793335949053251 ], [ -78.636589372570526, 35.791753878825681 ], [ -78.634377991795191, 35.791710368600647 ], [ -78.63322600948058, 35.793248923637876 ] ] ] } },
{ "type": "Feature", "properties": { "cell_id": "H-00382", "area_sqm": 103923.0 }, "geometry": { "type": "Polygon", "coordinates": [ [ [ -78.633133411394454, 35.796369573032017 ], [ -78.634192881945594, 35.797951672358074 ], [ -78.636404435368433, 35.79799519251447 ], [ -78.637556431905338, 35.796456608378769 ], [ -78.636496911077316, 35.794874536585262 ], [ -78.634285443984851, 35.794831021394742 ], [ -78.633133411394454, 35.796369573032017 ] ] ] } },
{ "type": "Feature", "properties": { "cell_id": "H-00383", "area_sqm": 103923.0 }, "geometry": { "type": "Polygon", "coordinates": [ [ [ -78.633040799071679, 35.799490220595168 ], [ -78.63410030567519, 35.801072321490551 ], [ -78.636311945441662, 35.8011158466132 ], [ -78.637463992256556, 35.799577265874042 ], [ -78.636404435368433, 35.79799519251447 ], [ -78.634192881945594, 35.797951672358074 ], [ -78.633040799071679, 35.799490220595168 ] ] ] } },
{ "type": "Feature", "properties": { "cell_id": "H-00384", "area_sqm": 103923.0 }, "geometry": { "type": "Polygon", "coordinates": [ [ [ -78.632948172510041, 35.802610866327214 ], [ -78.634007715171464, 35.804192968792066 ], [ -78.636219441294799, 35.804236498881352 ], [ -78.637371538395428, 35.802697921538993 ], [ -78.636311945441662, 35.8011158466132 ], [ -78.63410030567519, 35.801072321490551 ], [ -78.632948172510041, 35.802610866327214 ] ] ] } },
{ "type": "Feature", "properties": { "cell_id": "H-00385", "area_sqm": 103923.0 }, "geometry": { "type": "Polygon", "coordinates": [ [ [ -78.632855531707335, 35.805731510228064 ], [ -78.63391511043217, 35.807313614262533 ], [ -78.636126922925641, 35.807357149318847 ], [ -78.637279070319721, 35.805818575373493 ], [ -78.636219441294799, 35.804236498881352 ], [ -78.634007715171464, 35.804192968792066 ], [ -78.632855531707335, 35.805731510228064 ] ] ] } },
{ "type": "Feature", "properties": { "cell_id": "H-00386", "area_sqm": 103923.0 }, "geometry": { "type": "Polygon", "coordinates": [ [ [ -78.632762876661332, 35.808852152297625 ], [ -78.63382249145512, 35.810434257901846 ], [ -78.636034390331986, 35.810477797925557 ], [ -78.637186588027248, 35.808939227377486 ], [ -78.636126922925641, 35.807357149318847 ], [ -78.63391511043217, 35.807313614262533 ], [ -78.632762876661332, 35.808852152297625 ] ] ] } },
{ "type": "Feature", "properties": { "cell_id": "H-00387", "area_sqm": 103923.0 }, "geometry": { "type": "Polygon", "coordinates": [ [ [ -78.632670207369841, 35.811972792535791 ], [ -78.633729858238084, 35.813554899709906 ], [ -78.635941843511603, 35.813598444701398 ], [ -78.637094091515777, 35.812059877550816 ], [ -78.636034390331986, 35.810477797925557 ], [ -78.63382249145512, 35.810434257901846 ], [ -78.632670207369841, 35.811972792535791 ] ] ] } },
{ "type": "Feature", "properties": { "cell_id": "H-00388", "area_sqm": 103923.0 }, "geometry": { "type": "Polygon", "coordinates": [ [ [ -78.632577523830633, 35.815093430942461 ], [ -78.633637210778872, 35.816675539686621 ], [ -78.635849282462274, 35.816719089646277 ], [ -78.637001580783121, 35.815180525893446 ], [ -78.635941843511603, 35.813598444701398 ], [ -78.633729858238084, 35.813554899709906 ], [ -78.632577523830633, 35.815093430942461 ] ] ] } },
{ "type": "Feature", "properties": { "cell_id": "H-00389", "area_sqm": 103923.0 }, "geometry": { "type": "Polygon", "coordinates": [ [ [ -78.632484826041477, 35.818214067517559 ], [ -78.633544549075239, 35.819796177831883 ], [ -78.635756707181812, 35.819839732760094 ], [ -78.636909055827047, 35.818301172405256 ], [ -78.635849282462274, 35.816719089646277 ], [ -78.633637210778872, 35.816675539686621 ], [ -78.632484826041477, 35.818214067517559 ] ] ] } },
{ "type": "Feature", "properties": { "cell_id": "H-00390", "area_sqm": 103923.0 }, "geometry": { "type": "Polygon", "coordinates": [ [ [ -78.632392114000197, 35.821334702260955 ], [ -78.633451873124997, 35.822916814145614 ], [ -78.635664117668, 35.822960374042758 ], [ -78.636816516645368, 35.82142181708614 ], [ -78.635756707181812, 35.819839732760094 ], [ -78.633544549075239, 35.819796177831883 ], [ -78.632392114000197, 35.821334702260955 ] ] ] } },
{ "type": "Feature", "properties": { "cell_id": "H-00391", "area_sqm": 103923.0 }, "geometry": { "type": "Polygon", "coordinates": [ [ [ -78.63152931306054, 35.738572017714134 ], [ -78.632588049520734, 35.740154114718315 ], [ -78.63479800087751, 35.740197603888738 ], [ -78.635949129685159, 35.738658991089046 ], [ -78.634890343081494, 35.737076921553268 ], [ -78.632680477809245, 35.737033437348607 ], [ -78.63152931306054, 35.738572017714134 ] ] ] } },
{ "type": "Feature", "properties": { "cell_id": "H-00392", "area_sqm": 103923.0 }, "geometry": { "type": "Polygon", "coordinates": [ [ [ -78.631436834621965, 35.741692691684335 ], [ -78.632495607022108, 35.74327479025839 ], [ -78.634705644476597, 35.743318284394974 ], [ -78.635856823428838, 35.741779674991172 ], [ -78.63479800087751, 35.740197603888738 ], [ -78.632588049520734, 35.740154114718315 ], [ -78.631436834621965, 35.741692691684335 ] ] ] } },
{ "type": "Feature", "properties": { "cell_id": "H-00393", "area_sqm": 103923.0 }, "geometry": { "type": "Polygon", "coordinates": [ [ [ -78.63134434196553, 35.744813363824662 ], [ -78.632403150311106, 35.746395463968767 ], [ -78.634613273876553, 35.746438963071874 ], [ -78.635764502981075, 35.744900357064168 ], [ -78.634705644476597, 35.743318284394974 ], [ -78.632495607022108, 35.74327479025839 ], [ -78.63134434196553, 35.744813363824662 ] ] ] } },
{ "type": "Feature", "properties": { "cell_id": "H-00394", "area_sqm": 103923.0 }, "geometry": { "type": "Polygon", "coordinates": [ [ [ -78.631251835089031, 35.747934034135042 ], [ -78.632310679385554, 35.749516135849319 ], [ -78.634520889075162, 35.749559639919319 ], [ -78.635672168339681, 35.748021037307979 ], [ -78.634613273876553, 35.746438963071874 ], [ -78.632403150311106, 35.746395463968767 ], [ -78.631251835089031, 35.747934034135042 ] ] ] } },
{ "type": "Feature", "properties": { "cell_id": "H-00395", "area_sqm": 103923.0 }, "geometry": { "type": "Polygon", "coordinates": [ [ [ -78.631159313990267, 35.751054702615356 ], [ -78.632218194243251, 35.752636805899947 ], [ -78.634428490070249, 35.752680314937244 ], [ -78.635579819502468, 35.751141715722497 ], [ -78.634520889075162, 35.749559639919319 ], [ -78.632310679385554, 35.749516135849319 ], [ -78.631159313990267, 35.751054702615356 ] ] ] } },
{ "type": "Feature", "properties": { "cell_id": "H-00396", "area_sqm": 103923.0 }, "geometry": { "type": "Polygon", "coordinates": [ [ [ -78.631066778667048, 35.754175369265525 ], [ -78.632125694881978, 35.75575747412055 ], [ -78.634336076859569, 35.755800988125522 ], [ -78.635487456467203, 35.754262392307616 ], [ -78.634428490070249, 35.752680314937244 ], [ -78.632218194243251, 35.752636805899947 ], [ -78.631066778667048, 35.754175369265525 ] ] ] } },
{ "type": "Feature", "properties": { "cell_id": "H-00397", "area_sqm": 103923.0 }, "geometry": { "type": "Polygon", "coordinates": [ [ [ -78.630974229117143, 35.757296034085414 ], [ -78.632033181299533, 35.758878140511051 ], [ -78.634243649440947, 35.758921659484074 ], [ -78.635395079231714, 35.75738306706323 ], [ -78.634336076859569, 35.755800988125522 ], [ -78.632125694881978, 35.75575747412055 ], [ -78.630974229117143, 35.757296034085414 ] ] ] } },
{ "type": "Feature", "properties": { "cell_id": "H-00398", "area_sqm": 103923.0 }, "geometry": { "type": "Polygon", "coordinates": [ [ [ -78.630881665338336, 35.760416697074959 ], [ -78.631940653493714, 35.76199880507135 ], [ -78.634151207812167, 35.762042329012793 ], [ -78.635302687793782, 35.760503739989261 ], [ -78.634243649440947, 35.758921659484074 ], [ -78.632033181299533, 35.758878140511051 ], [ -78.630881665338336, 35.760416697074959 ] ] ] } },
{ "type": "Feature", "properties": { "cell_id": "H-00399", "area_sqm": 103923.0 }, "geometry": { "type": "Polygon", "coordinates": [ [ [ -78.630789087328452, 35.763537358234075 ], [ -78.631848111462304, 35.765119467801327 ], [ -78.63405875197104, 35.765162996711581 ], [ -78.63521028215122, 35.763624411085623 ], [ -78.634151207812167, 35.762042329012793 ], [ -78.631940653493714, 35.76199880507135 ], [ -78.630789087328452, 35.763537358234075 ] ] ] } },
{ "type": "Feature", "properties": { "cell_id": "H-00400", "area_sqm": 103923.0 }, "geometry": { "type": "Polygon", "coordinates": [ [ [ -78.63069649508526, 35.766658017562619 ], [ -78.631755555203128, 35.768240128700889 ], [ -78.633966281915335, 35.768283662580352 ], [ -78.635117862301797, 35.76674508035218 ], [ -78.63405875197104, 35.765162996711581 ], [ -78.631848111462304, 35.765119467801327 ], [ -78.63069649508526, 35.766658017562619 ] ] ] } },
{ "type": "Feature", "properties": { "cell_id": "H-00401", "area_sqm": 103923.0 }, "geometry": { "type": "Polygon", "coordinates": [ [ [ -78.630603888606544, 35.769778675060522 ], [ -78.631662984713913, 35.771360787769957 ], [ -78.633873797642863, 35.771404326618999 ], [ -78.635025428243324, 35.769865747788842 ], [ -78.633966281915335, 35.768283662580352 ], [ -78.631755555203128, 35.768240128700889 ], [ -78.630603888606544, 35.769778675060522 ] ] ] } },
{ "type": "Feature", "properties": { "cell_id": "H-00402", "area_sqm": 103923.0 }, "geometry": { "type": "Polygon", "coordinates": [ [ [ -78.630511267890128, 35.772899330727682 ], [ -78.631570399992498, 35.774481445008426 ], [ -78.633781299151437, 35.774524988827423 ], [ -78.634932979973584, 35.77298641339555 ], [ -78.633873797642863, 35.771404326618999 ], [ -78.631662984713913, 35.771360787769957 ], [ -78.630511267890128, 35.772899330727682 ] ] ] } },
{ "type": "Feature", "properties": { "cell_id": "H-00403", "area_sqm": 103923.0 }, "geometry": { "type": "Polygon", "coordinates": [ [ [ -78.630418632933768, 35.776019984564009 ], [ -78.631477801036681, 35.777602100416196 ], [ -78.633688786438796, 35.777645649205532 ], [ -78.634840517490389, 35.776107077172163 ], [ -78.633781299151437, 35.774524988827423 ], [ -78.631570399992498, 35.774481445008426 ], [ -78.630418632933768, 35.776019984564009 ] ] ] } },
{ "type": "Feature", "properties": { "cell_id": "H-00404", "area_sqm": 103923.0 }, "geometry": { "type": "Polygon", "coordinates": [ [ [ -78.630325983735275, 35.779140636569387 ], [ -78.631385187844216, 35.780722753993174 ], [ -78.633596259502767, 35.780766307753218 ], [ -78.634748040791521, 35.77922773911861 ], [ -78.633688786438796, 35.777645649205532 ], [ -78.631477801036681, 35.777602100416196 ], [ -78.630325983735275, 35.779140636569387 ] ] ] } },
{ "type": "Feature", "properties": { "cell_id": "H-00405", "area_sqm": 103923.0 }, "geometry": { "type": "Polygon", "coordinates": [ [ [ -78.630233320292433, 35.782261286743726 ], [ -78.63129256041293, 35.78384340573924 ], [ -78.633503718341146, 35.783886964470398 ], [ -78.634655549874765, 35.782348399234763 ], [ -78.633596259502767, 35.780766307753218 ], [ -78.631385187844216, 35.780722753993174 ], [ -78.630233320292433, 35.782261286743726 ] ] ] } },
{ "type": "Feature", "properties": { "cell_id": "H-00406", "area_sqm": 103923.0 }, "geometry": { "type": "Polygon", "coordinates": [ [ [ -78.63014064260301, 35.785381935086932 ], [ -78.631199918740592, 35.786964055654323 ], [ -78.633411162951703, 35.787007619356963 ], [ -78.634563044737945, 35.785469057520572 ], [ -78.633503718341146, 35.783886964470398 ], [ -78.63129256041293, 35.78384340573924 ], [ -78.63014064260301, 35.785381935086932 ] ] ] } },
{ "type": "Feature", "properties": { "cell_id": "H-00407", "area_sqm": 103923.0 }, "geometry": { "type": "Polygon", "coordinates": [ [ [ -78.630047950664817, 35.788502581598905 ], [ -78.631107262824983, 35.790084703738309 ], [ -78.633318593332262, 35.790128272412836 ], [ -78.634470525378816, 35.788589713975895 ], [ -78.633411162951703, 35.787007619356963 ], [ -78.631199918740592, 35.786964055654323 ], [ -78.630047950664817, 35.788502581598905 ] ] ] } },
{ "type": "Feature", "properties": { "cell_id": "H-00408", "area_sqm": 103923.0 }, "geometry": { "type": "Polygon", "coordinates": [ [ [ -78.629955244475639, 35.791623226279555 ], [ -78.631014592663888, 35.793205349991119 ], [ -78.63322600948058, 35.793248923637876 ], [ -78.634377991795191, 35.791710368600647 ], [ -78.633318593332262, 35.790128272412836 ], [ -78.631107262824983, 35.790084703738309 ], [ -78.629955244475639, 35.791623226279555 ] ] ] } },
{ "type": "Feature", "properties": { "cell_id": "H-00409", "area_sqm": 103923.0 }, "geometry": { "type": "Polygon", "coordinates": [ [ [ -78.629862524033257, 35.794743869128766 ], [ -78.630921908255118, 35.796325994412634 ], [ -78.633133411394454, 35.796369573032017 ], [ -78.634285443984851, 35.794831021394742 ], [ -78.63322600948058, 35.793248923637876 ], [ -78.631014592663888, 35.793205349991119 ], [ -78.629862524033257, 35.794743869128766 ] ] ] } },
{ "type": "Feature", "properties": { "cell_id": "H-00410", "area_sqm": 103923.0 }, "geometry": { "type": "Polygon", "coordinates": [ [ [ -78.629769789335469, 35.797864510146454 ], [ -78.630829209596456, 35.799446637002767 ], [ -78.633040799071679, 35.799490220595168 ], [ -78.634192881945594, 35.797951672358074 ], [ -78.633133411394454, 35.796369573032017 ], [ -78.630921908255118, 35.796325994412634 ], [ -78.629769789335469, 35.797864510146454 ] ] ] } },
{ "type": "Feature", "properties": { "cell_id": "H-00411", "area_sqm": 103923.0 }, "geometry": { "type": "Polygon", "coordinates": [ [ [ -78.629677040380031, 35.800985149332519 ], [ -78.630736496685671, 35.802567277761419 ], [ -78.632948172510041, 35.802610866327214 ], [ -78.63410030567519, 35.801072321490551 ], [ -78.633040799071679, 35.799490220595168 ], [ -78.630829209596456, 35.799446637002767 ], [ -78.629677040380031, 35.800985149332519 ] ] ] } },
{ "type": "Feature", "properties": { "cell_id": "H-00412", "area_sqm": 103923.0 }, "geometry": { "type": "Polygon", "coordinates": [ [ [ -78.629584277164753, 35.804105786686868 ], [ -78.63064376952056, 35.805687916688498 ], [ -78.632855531707335, 35.805731510228064 ], [ -78.634007715171464, 35.804192968792066 ], [ -78.632948172510041, 35.802610866327214 ], [ -78.630736496685671, 35.802567277761419 ], [ -78.629584277164753, 35.804105786686868 ] ] ] } },
{ "type": "Feature", "properties": { "cell_id": "H-00413", "area_sqm": 103923.0 }, "geometry": { "type": "Polygon", "coordinates": [ [ [ -78.629491499687404, 35.807226422209396 ], [ -78.630551028098907, 35.808808553783884 ], [ -78.632762876661332, 35.808852152297625 ], [ -78.63391511043217, 35.807313614262533 ], [ -78.632855531707335, 35.805731510228064 ], [ -78.63064376952056, 35.805687916688498 ], [ -78.629491499687404, 35.807226422209396 ] ] ] } },
{ "type": "Feature", "properties": { "cell_id": "H-00414", "area_sqm": 103923.0 }, "geometry": { "type": "Polygon", "coordinates": [ [ [ -78.629398707945811, 35.810347055900003 ], [ -78.630458272418508, 35.811929189047511 ], [ -78.632670207369841, 35.811972792535791 ], [ -78.63382249145512, 35.810434257901846 ], [ -78.632762876661332, 35.808852152297625 ], [ -78.630551028098907, 35.808808553783884 ], [ -78.629398707945811, 35.810347055900003 ] ] ] } },
{ "type": "Feature", "properties": { "cell_id": "H-00415", "area_sqm": 103923.0 }, "geometry": { "type": "Polygon", "coordinates": [ [ [ -78.629305901937698, 35.81346768775861 ], [ -78.630365502477133, 35.81504982247926 ], [ -78.632577523830633, 35.815093430942461 ], [ -78.633729858238084, 35.813554899709906 ], [ -78.632670207369841, 35.811972792535791 ], [ -78.630458272418508, 35.811929189047511 ], [ -78.629305901937698, 35.81346768775861 ] ] ] } },
{ "type": "Feature", "properties": { "cell_id": "H-00416", "area_sqm": 103923.0 }, "geometry": { "type": "Polygon", "coordinates": [ [ [ -78.629213081660865, 35.81658831778509 ], [ -78.630272718272565, 35.818170454079045 ], [ -78.632484826041477, 35.818214067517559 ], [ -78.633637210778872, 35.816675539686621 ], [ -78.632577523830633, 35.815093430942461 ], [ -78.630365502477133, 35.81504982247926 ], [ -78.629213081660865, 35.81658831778509 ] ] ] } },
{ "type": "Feature", "properties": { "cell_id": "H-00417", "area_sqm": 103923.0 }, "geometry": { "type": "Polygon", "coordinates": [ [ [ -78.629120247113121, 35.81970894597935 ], [ -78.630179919802586, 35.821291083846766 ], [ -78.632392114000197, 35.821334702260955 ], [ -78.633544549075239, 35.819796177831883 ], [ -78.632484826041477, 35.818214067517559 ], [ -78.630272718272565, 35.818170454079045 ], [ -78.629120247113121, 35.81970894597935 ] ] ] } },
{ "type": "Feature", "properties": { "cell_id": "H-00418", "area_sqm": 103923.0 }, "geometry": { "type": "Polygon", "coordinates": [ [ [ -78.628168161021748, 35.740067014736731 ], [ -78.629226847325256, 35.74164913920702 ], [ -78.631436834621965, 35.741692691684335 ], [ -78.632588049520734, 35.740154114718315 ], [ -78.63152931306054, 35.738572017714134 ], [ -78.629319411853871, 35.738528470209708 ], [ -78.628168161021748, 35.740067014736731 ] ] ] } },
{ "type": "Feature", "properties": { "cell_id": "H-00419", "area_sqm": 103923.0 }, "geometry": { "type": "Polygon", "coordinates": [ [ [ -78.628075546329853, 35.743187680330657 ], [ -78.629134268565579, 35.744769806374073 ], [ -78.63134434196553, 35.744813363824662 ], [ -78.632495607022108, 35.74327479025839 ], [ -78.631436834621965, 35.741692691684335 ], [ -78.629226847325256, 35.74164913920702 ], [ -78.628075546329853, 35.743187680330657 ] ] ] } },
{ "type": "Feature", "properties": { "cell_id": "H-00420", "area_sqm": 103923.0 }, "geometry": { "type": "Polygon", "coordinates": [ [ [ -78.627982917399166, 35.746308344094096 ], [ -78.629041675572651, 35.747890471710789 ], [ -78.631251835089031, 35.747934034135042 ], [ -78.632403150311106, 35.746395463968767 ], [ -78.63134434196553, 35.744813363824662 ], [ -78.629134268565579, 35.744769806374073 ], [ -78.627982917399166, 35.746308344094096 ] ] ] } },
{ "type": "Feature", "properties": { "cell_id": "H-00421", "area_sqm": 103923.0 }, "geometry": { "type": "Polygon", "coordinates": [ [ [ -78.627890274227511, 35.749429006026951 ], [ -78.628949068344212, 35.751011135217077 ], [ -78.631159313990267, 35.751054702615356 ], [ -78.632310679385554, 35.749516135849319 ], [ -78.631251835089031, 35.747934034135042 ], [ -78.629041675572651, 35.747890471710789 ], [ -78.627890274227511, 35.749429006026951 ] ] ] } },
{ "type": "Feature", "properties": { "cell_id": "H-00422", "area_sqm": 103923.0 }, "geometry": { "type": "Polygon", "coordinates": [ [ [ -78.627797616812657, 35.75254966612912 ], [ -78.628856446878103, 35.754131796892814 ], [ -78.631066778667048, 35.754175369265525 ], [ -78.632218194243251, 35.752636805899947 ], [ -78.631159313990267, 35.751054702615356 ], [ -78.628949068344212, 35.751011135217077 ], [ -78.627797616812657, 35.75254966612912 ] ] ] } },
{ "type": "Feature", "properties": { "cell_id": "H-00423", "area_sqm": 103923.0 }, "geometry": { "type": "Polygon", "coordinates": [ [ [ -78.627704945152388, 35.755670324400505 ], [ -78.628763811172078, 35.757252456737909 ], [ -78.630974229117143, 35.757296034085414 ], [ -78.632125694881978, 35.75575747412055 ], [ -78.631066778667048, 35.754175369265525 ], [ -78.628856446878103, 35.754131796892814 ], [ -78.627704945152388, 35.755670324400505 ] ] ] } },
{ "type": "Feature", "properties": { "cell_id": "H-00424", "area_sqm": 103923.0 }, "geometry": { "type": "Polygon", "coordinates": [ [ [ -78.627612259244515, 35.758790980841034 ], [ -78.628671161223949, 35.760373114752277 ], [ -78.630881665338336, 35.760416697074959 ], [ -78.632033181299533, 35.758878140511051 ], [ -78.630974229117143, 35.757296034085414 ], [ -78.628763811172078, 35.757252456737909 ], [ -78.627612259244515, 35.758790980841034 ] ] ] } },
{ "type": "Feature", "properties": { "cell_id": "H-00425", "area_sqm": 103923.0 }, "geometry": { "type": "Polygon", "coordinates": [ [ [ -78.627519559086807, 35.761911635450573 ], [ -78.628578497031512, 35.76349377093581 ], [ -78.630789087328452, 35.763537358234075 ], [ -78.631940653493714, 35.76199880507135 ], [ -78.630881665338336, 35.760416697074959 ], [ -78.628671161223949, 35.760373114752277 ], [ -78.627519559086807, 35.761911635450573 ] ] ] } },
{ "type": "Feature", "properties": { "cell_id": "H-00426", "area_sqm": 103923.0 }, "geometry": { "type": "Polygon", "coordinates": [ [ [ -78.627426844677075, 35.765032288229037 ], [ -78.628485818592537, 35.766614425288424 ], [ -78.63069649508526, 35.766658017562619 ], [ -78.631848111462304, 35.765119467801327 ], [ -78.630789087328452, 35.763537358234075 ], [ -78.628578497031512, 35.76349377093581 ], [ -78.627426844677075, 35.765032288229037 ] ] ] } },
{ "type": "Feature", "properties": { "cell_id": "H-00427", "area_sqm": 103923.0 }, "geometry": { "type": "Polygon", "coordinates": [ [ [ -78.627334116013088, 35.768152939176339 ], [ -78.628393125904822, 35.769735077809997 ], [ -78.630603888606544, 35.769778675060522 ], [ -78.631755555203128, 35.768240128700889 ], [ -78.63069649508526, 35.766658017562619 ], [ -78.628485818592537, 35.766614425288424 ], [ -78.627334116013088, 35.768152939176339 ] ] ] } },
{ "type": "Feature", "properties": { "cell_id": "H-00428", "area_sqm": 103923.0 }, "geometry": { "type": "Polygon", "coordinates": [ [ [ -78.62724137309263, 35.77127358829236 ], [ -78.628300418966163, 35.772855728500446 ], [ -78.630511267890128, 35.772899330727682 ], [ -78.631662984713913, 35.771360787769957 ], [ -78.630603888606544, 35.769778675060522 ], [ -78.628393125904822, 35.769735077809997 ], [ -78.62724137309263, 35.77127358829236 ] ] ] } },
{ "type": "Feature", "properties": { "cell_id": "H-00429", "area_sqm": 103923.0 }, "geometry": { "type": "Polygon", "coordinates": [ [ [ -78.627148615913512, 35.774394235577034 ], [ -78.628207697774329, 35.775976377359669 ], [ -78.630418632933768, 35.776019984564009 ], [ -78.631570399992498, 35.774481445008426 ], [ -78.630511267890128, 35.772899330727682 ], [ -78.628300418966163, 35.772855728500446 ], [ -78.627148615913512, 35.774394235577034 ] ] ] } },
{ "type": "Feature", "properties": { "cell_id": "H-00430", "area_sqm": 103923.0 }, "geometry": { "type": "Polygon", "coordinates": [ [ [ -78.627055844473503, 35.777514881030228 ], [ -78.628114962327132, 35.779097024387575 ], [ -78.630325983735275, 35.779140636569387 ], [ -78.631477801036681, 35.777602100416196 ], [ -78.630418632933768, 35.776019984564009 ], [ -78.628207697774329, 35.775976377359669 ], [ -78.627055844473503, 35.777514881030228 ] ] ] } },
{ "type": "Feature", "properties": { "cell_id": "H-00431", "area_sqm": 103923.0 }, "geometry": { "type": "Polygon", "coordinates": [ [ [ -78.626963058770386, 35.780635524651863 ], [ -78.628022212622326, 35.782217669584064 ], [ -78.630233320292433, 35.782261286743726 ], [ -78.631385187844216, 35.780722753993174 ], [ -78.630325983735275, 35.779140636569387 ], [ -78.628114962327132, 35.779097024387575 ], [ -78.626963058770386, 35.780635524651863 ] ] ] } },
{ "type": "Feature", "properties": { "cell_id": "H-00432", "area_sqm": 103923.0 }, "geometry": { "type": "Polygon", "coordinates": [ [ [ -78.626870258801958, 35.783756166441854 ], [ -78.627929448657738, 35.785338312949037 ], [ -78.63014064260301, 35.785381935086932 ], [ -78.63129256041293, 35.78384340573924 ], [ -78.630233320292433, 35.782261286743726 ], [ -78.628022212622326, 35.782217669584064 ], [ -78.626870258801958, 35.783756166441854 ] ] ] } },
{ "type": "Feature", "properties": { "cell_id": "H-00433", "area_sqm": 103923.0 }, "geometry": { "type": "Polygon", "coordinates": [ [ [ -78.626777444566017, 35.786876806400073 ], [ -78.627836670431108, 35.788458954482387 ], [ -78.630047950664817, 35.788502581598905 ], [ -78.631199918740592, 35.786964055654323 ], [ -78.63014064260301, 35.785381935086932 ], [ -78.627929448657738, 35.785338312949037 ], [ -78.626777444566017, 35.786876806400073 ] ] ] } },
{ "type": "Feature", "properties": { "cell_id": "H-00434", "area_sqm": 103923.0 }, "geometry": { "type": "Polygon", "coordinates": [ [ [ -78.626684616060302, 35.789997444526442 ], [ -78.627743877940262, 35.791579594184043 ], [ -78.629955244475639, 35.791623226279555 ], [ -78.631107262824983, 35.790084703738309 ], [ -78.630047950664817, 35.788502581598905 ], [ -78.627836670431108, 35.788458954482387 ], [ -78.626684616060302, 35.789997444526442 ] ] ] } },
{ "type": "Feature", "properties": { "cell_id": "H-00435", "area_sqm": 103923.0 }, "geometry": { "type": "Polygon", "coordinates": [ [ [ -78.626591773282641, 35.793118080820861 ], [ -78.627651071182953, 35.794700232053856 ], [ -78.629862524033257, 35.794743869128766 ], [ -78.631014592663888, 35.793205349991119 ], [ -78.629955244475639, 35.791623226279555 ], [ -78.627743877940262, 35.791579594184043 ], [ -78.626591773282641, 35.793118080820861 ] ] ] } },
{ "type": "Feature", "properties": { "cell_id": "H-00436", "area_sqm": 103923.0 }, "geometry": { "type": "Polygon", "coordinates": [ [ [ -78.626498916230787, 35.796238715283224 ], [ -78.627558250157009, 35.797820868091783 ], [ -78.629769789335469, 35.797864510146454 ], [ -78.630921908255118, 35.796325994412634 ], [ -78.629862524033257, 35.794743869128766 ], [ -78.627651071182953, 35.794700232053856 ], [ -78.626498916230787, 35.796238715283224 ] ] ] } },
{ "type": "Feature", "properties": { "cell_id": "H-00437", "area_sqm": 103923.0 }, "geometry": { "type": "Polygon", "coordinates": [ [ [ -78.626406044902538, 35.799359347913445 ], [ -78.627465414860168, 35.800941502297697 ], [ -78.629677040380031, 35.800985149332519 ], [ -78.630829209596456, 35.799446637002767 ], [ -78.629769789335469, 35.797864510146454 ], [ -78.627558250157009, 35.797820868091783 ], [ -78.626406044902538, 35.799359347913445 ] ] ] } },
{ "type": "Feature", "properties": { "cell_id": "H-00438", "area_sqm": 103923.0 }, "geometry": { "type": "Polygon", "coordinates": [ [ [ -78.626313159295691, 35.802479978711411 ], [ -78.627372565290216, 35.804062134671504 ], [ -78.629584277164753, 35.804105786686868 ], [ -78.630736496685671, 35.802567277761419 ], [ -78.629677040380031, 35.800985149332519 ], [ -78.627465414860168, 35.800941502297697 ], [ -78.626313159295691, 35.802479978711411 ] ] ] } },
{ "type": "Feature", "properties": { "cell_id": "H-00439", "area_sqm": 103923.0 }, "geometry": { "type": "Polygon", "coordinates": [ [ [ -78.626220259408015, 35.805600607677029 ], [ -78.627279701444962, 35.807182765213128 ], [ -78.629491499687404, 35.807226422209396 ], [ -78.63064376952056, 35.805687916688498 ], [ -78.629584277164753, 35.804105786686868 ], [ -78.627372565290216, 35.804062134671504 ], [ -78.626220259408015, 35.805600607677029 ] ] ] } },
{ "type": "Feature", "properties": { "cell_id": "H-00440", "area_sqm": 103923.0 }, "geometry": { "type": "Polygon", "coordinates": [ [ [ -78.626127345237265, 35.808721234810221 ], [ -78.627186823322177, 35.810303393922425 ], [ -78.629398707945811, 35.810347055900003 ], [ -78.630551028098907, 35.808808553783884 ], [ -78.629491499687404, 35.807226422209396 ], [ -78.627279701444962, 35.807182765213128 ], [ -78.626127345237265, 35.808721234810221 ] ] ] } },
{ "type": "Feature", "properties": { "cell_id": "H-00441", "area_sqm": 103923.0 }, "geometry": { "type": "Polygon", "coordinates": [ [ [ -78.626034416781252, 35.81184186011086 ], [ -78.627093930919642, 35.813424020799339 ], [ -78.629305901937698, 35.81346768775861 ], [ -78.630458272418508, 35.811929189047511 ], [ -78.629398707945811, 35.810347055900003 ], [ -78.627186823322177, 35.810303393922425 ], [ -78.626034416781252, 35.81184186011086 ] ] ] } },
{ "type": "Feature", "properties": { "cell_id": "H-00442", "area_sqm": 103923.0 }, "geometry": { "type": "Polygon", "coordinates": [ [ [ -78.625941474037759, 35.814962483578853 ], [ -78.627001024235128, 35.816544645843756 ], [ -78.629213081660865, 35.81658831778509 ], [ -78.630365502477133, 35.81504982247926 ], [ -78.629305901937698, 35.81346768775861 ], [ -78.627093930919642, 35.813424020799339 ], [ -78.625941474037759, 35.814962483578853 ] ] ] } },
{ "type": "Feature", "properties": { "cell_id": "H-00443", "area_sqm": 103923.0 }, "geometry": { "type": "Polygon", "coordinates": [ [ [ -78.625848517004542, 35.818083105214136 ], [ -78.626908103266416, 35.819665269055591 ], [ -78.629120247113121, 35.81970894597935 ], [ -78.630272718272565, 35.818170454079045 ], [ -78.629213081660865, 35.81658831778509 ], [ -78.627001024235128, 35.816544645843756 ], [ -78.625848517004542, 35.818083105214136 ] ] ] } },
{ "type": "Feature", "properties": { "cell_id": "H-00444", "area_sqm": 103923.0 }, "geometry": { "type": "Polygon", "coordinates": [ [ [ -78.625755545679397, 35.821203725016574 ], [ -78.626815168011319, 35.82278589043473 ], [ -78.629027398292223, 35.822829572341327 ], [ -78.630179919802586, 35.821291083846766 ], [ -78.629120247113121, 35.81970894597935 ], [ -78.626908103266416, 35.819665269055591 ], [ -78.625755545679397, 35.821203725016574 ] ] ] } },
{ "type": "Feature", "properties": { "cell_id": "H-00445", "area_sqm": 103923.0 }, "geometry": { "type": "Polygon", "coordinates": [ [ [ -78.624899623673755, 35.738441253568318 ], [ -78.625958223888347, 35.740023403926131 ], [ -78.628168161021748, 35.740067014736731 ], [ -78.629319411853871, 35.738528470209708 ], [ -78.628260761477094, 35.73694634731244 ], [ -78.626050910425988, 35.736902741481487 ], [ -78.624899623673755, 35.738441253568318 ] ] ] } },
{ "type": "Feature", "properties": { "cell_id": "H-00446", "area_sqm": 103923.0 }, "geometry": { "type": "Polygon", "coordinates": [ [ [ -78.624806886967306, 35.74156191260596 ], [ -78.625865523100913, 35.743144064540033 ], [ -78.628075546329853, 35.743187680330657 ], [ -78.629226847325256, 35.74164913920702 ], [ -78.628168161021748, 35.740067014736731 ], [ -78.625958223888347, 35.740023403926131 ], [ -78.624806886967306, 35.74156191260596 ] ] ] } },
{ "type": "Feature", "properties": { "cell_id": "H-00447", "area_sqm": 103923.0 }, "geometry": { "type": "Polygon", "coordinates": [ [ [ -78.624714136003377, 35.744682569812589 ], [ -78.625772808061498, 35.746264723323073 ], [ -78.627982917399166, 35.746308344094096 ], [ -78.629134268565579, 35.744769806374073 ], [ -78.628075546329853, 35.743187680330657 ], [ -78.625865523100913, 35.743144064540033 ], [ -78.624714136003377, 35.744682569812589 ] ] ] } },
{ "type": "Feature", "properties": { "cell_id": "H-00448", "area_sqm": 103923.0 }, "geometry": { "type": "Polygon", "coordinates": [ [ [ -78.624621370779735, 35.747803225188122 ], [ -78.625680078767871, 35.749385380275143 ], [ -78.627890274227511, 35.749429006026951 ], [ -78.629041675572651, 35.747890471710789 ], [ -78.627982917399166, 35.746308344094096 ], [ -78.625772808061498, 35.746264723323073 ], [ -78.624621370779735, 35.747803225188122 ] ] ] } },
{ "type": "Feature", "properties": { "cell_id": "H-00449", "area_sqm": 103923.0 }, "geometry": { "type": "Polygon", "coordinates": [ [ [ -78.62452859129418, 35.750923878732458 ], [ -78.625587335217844, 35.752506035396131 ], [ -78.627797616812657, 35.75254966612912 ], [ -78.628949068344212, 35.751011135217077 ], [ -78.627890274227511, 35.749429006026951 ], [ -78.625680078767871, 35.749385380275143 ], [ -78.62452859129418, 35.750923878732458 ] ] ] } },
{ "type": "Feature", "properties": { "cell_id": "H-00450", "area_sqm": 103923.0 }, "geometry": { "type": "Polygon", "coordinates": [ [ [ -78.624435797544507, 35.754044530445483 ], [ -78.625494577409199, 35.755626688685986 ], [ -78.627704945152388, 35.755670324400505 ], [ -78.628856446878103, 35.754131796892814 ], [ -78.627797616812657, 35.75254966612912 ], [ -78.625587335217844, 35.752506035396131 ], [ -78.624435797544507, 35.754044530445483 ] ] ] } },
{ "type": "Feature", "properties": { "cell_id": "H-00451", "area_sqm": 103923.0 }, "geometry": { "type": "Polygon", "coordinates": [ [ [ -78.624342989528486, 35.7571651803271 ], [ -78.625401805339706, 35.758747340144566 ], [ -78.627612259244515, 35.758790980841034 ], [ -78.628763811172078, 35.757252456737909 ], [ -78.627704945152388, 35.755670324400505 ], [ -78.625494577409199, 35.755626688685986 ], [ -78.624342989528486, 35.7571651803271 ] ] ] } },
{ "type": "Feature", "properties": { "cell_id": "H-00452", "area_sqm": 103923.0 }, "geometry": { "type": "Polygon", "coordinates": [ [ [ -78.624250167243915, 35.760285828377221 ], [ -78.625309019007162, 35.761867989771794 ], [ -78.627519559086807, 35.761911635450573 ], [ -78.628671161223949, 35.760373114752277 ], [ -78.627612259244515, 35.758790980841034 ], [ -78.625401805339706, 35.758747340144566 ], [ -78.624250167243915, 35.760285828377221 ] ] ] } },
{ "type": "Feature", "properties": { "cell_id": "H-00453", "area_sqm": 103923.0 }, "geometry": { "type": "Polygon", "coordinates": [ [ [ -78.624157330688575, 35.763406474595747 ], [ -78.625216218409363, 35.764988637567569 ], [ -78.627426844677075, 35.765032288229037 ], [ -78.628578497031512, 35.76349377093581 ], [ -78.627519559086807, 35.761911635450573 ], [ -78.625309019007162, 35.761867989771794 ], [ -78.624157330688575, 35.763406474595747 ] ] ] } },
{ "type": "Feature", "properties": { "cell_id": "H-00454", "area_sqm": 103923.0 }, "geometry": { "type": "Polygon", "coordinates": [ [ [ -78.624064479860252, 35.76652711898258 ], [ -78.625123403544094, 35.768109283531793 ], [ -78.627334116013088, 35.768152939176339 ], [ -78.628485818592537, 35.766614425288424 ], [ -78.627426844677075, 35.765032288229037 ], [ -78.625216218409363, 35.764988637567569 ], [ -78.624064479860252, 35.76652711898258 ] ] ] } },
{ "type": "Feature", "properties": { "cell_id": "H-00455", "area_sqm": 103923.0 }, "geometry": { "type": "Polygon", "coordinates": [ [ [ -78.623971614756726, 35.769647761537612 ], [ -78.625030574409124, 35.771229927664365 ], [ -78.62724137309263, 35.77127358829236 ], [ -78.628393125904822, 35.769735077809997 ], [ -78.627334116013088, 35.768152939176339 ], [ -78.625123403544094, 35.768109283531793 ], [ -78.623971614756726, 35.769647761537612 ] ] ] } },
{ "type": "Feature", "properties": { "cell_id": "H-00456", "area_sqm": 103923.0 }, "geometry": { "type": "Polygon", "coordinates": [ [ [ -78.623878735375797, 35.772768402260766 ], [ -78.624937731002248, 35.774350569965186 ], [ -78.627148615913512, 35.774394235577034 ], [ -78.628300418966163, 35.772855728500446 ], [ -78.62724137309263, 35.77127358829236 ], [ -78.625030574409124, 35.771229927664365 ], [ -78.623878735375797, 35.772768402260766 ] ] ] } },
{ "type": "Feature", "properties": { "cell_id": "H-00457", "area_sqm": 103923.0 }, "geometry": { "type": "Polygon", "coordinates": [ [ [ -78.623785841715232, 35.775889041151927 ], [ -78.624844873321265, 35.777471210434165 ], [ -78.627055844473503, 35.777514881030228 ], [ -78.628207697774329, 35.775976377359669 ], [ -78.627148615913512, 35.774394235577034 ], [ -78.624937731002248, 35.774350569965186 ], [ -78.623785841715232, 35.775889041151927 ] ] ] } },
{ "type": "Feature", "properties": { "cell_id": "H-00458", "area_sqm": 103923.0 }, "geometry": { "type": "Polygon", "coordinates": [ [ [ -78.62369293377283, 35.779009678210997 ], [ -78.624752001363916, 35.780591849071193 ], [ -78.626963058770386, 35.780635524651863 ], [ -78.628114962327132, 35.779097024387575 ], [ -78.627055844473503, 35.777514881030228 ], [ -78.624844873321265, 35.777471210434165 ], [ -78.62369293377283, 35.779009678210997 ] ] ] } },
{ "type": "Feature", "properties": { "cell_id": "H-00459", "area_sqm": 103923.0 }, "geometry": { "type": "Polygon", "coordinates": [ [ [ -78.623600011546344, 35.782130313437882 ], [ -78.62465911512804, 35.783712485876187 ], [ -78.626870258801958, 35.783756166441854 ], [ -78.628022212622326, 35.782217669584064 ], [ -78.626963058770386, 35.780635524651863 ], [ -78.624752001363916, 35.780591849071193 ], [ -78.623600011546344, 35.782130313437882 ] ] ] } },
{ "type": "Feature", "properties": { "cell_id": "H-00460", "area_sqm": 103923.0 }, "geometry": { "type": "Polygon", "coordinates": [ [ [ -78.623507075033586, 35.785250946832484 ], [ -78.624566214611377, 35.786833120849032 ], [ -78.626777444566017, 35.786876806400073 ], [ -78.627929448657738, 35.785338312949037 ], [ -78.626870258801958, 35.783756166441854 ], [ -78.62465911512804, 35.783712485876187 ], [ -78.623507075033586, 35.785250946832484 ] ] ] } },
{ "type": "Feature", "properties": { "cell_id": "H-00461", "area_sqm": 103923.0 }, "geometry": { "type": "Polygon", "coordinates": [ [ [ -78.62341412423234, 35.788371578394703 ], [ -78.62447329981174, 35.789953753989643 ], [ -78.626684616060302, 35.789997444526442 ], [ -78.627836670431108, 35.788458954482387 ], [ -78.626777444566017, 35.786876806400073 ], [ -78.624566214611377, 35.786833120849032 ], [ -78.62341412423234, 35.788371578394703 ] ] ] } },
{ "type": "Feature", "properties": { "cell_id": "H-00462", "area_sqm": 103923.0 }, "geometry": { "type": "Polygon", "coordinates": [ [ [ -78.62332115914036, 35.79149220812446 ], [ -78.624380370726897, 35.793074385297906 ], [ -78.626591773282641, 35.793118080820861 ], [ -78.627743877940262, 35.791579594184043 ], [ -78.626684616060302, 35.789997444526442 ], [ -78.62447329981174, 35.789953753989643 ], [ -78.62332115914036, 35.79149220812446 ] ] ] } },
{ "type": "Feature", "properties": { "cell_id": "H-00463", "area_sqm": 103923.0 }, "geometry": { "type": "Polygon", "coordinates": [ [ [ -78.623228179755458, 35.794612836021621 ], [ -78.624287427354602, 35.796195014773758 ], [ -78.626498916230787, 35.796238715283224 ], [ -78.627651071182953, 35.794700232053856 ], [ -78.626591773282641, 35.793118080820861 ], [ -78.624380370726897, 35.793074385297906 ], [ -78.623228179755458, 35.794612836021621 ] ] ] } },
{ "type": "Feature", "properties": { "cell_id": "H-00464", "area_sqm": 103923.0 }, "geometry": { "type": "Polygon", "coordinates": [ [ [ -78.623135186075388, 35.797733462086107 ], [ -78.624194469692682, 35.799315642417071 ], [ -78.626406044902538, 35.799359347913445 ], [ -78.627558250157009, 35.797820868091783 ], [ -78.626498916230787, 35.796238715283224 ], [ -78.624287427354602, 35.796195014773758 ], [ -78.623135186075388, 35.797733462086107 ] ] ] } },
{ "type": "Feature", "properties": { "cell_id": "H-00465", "area_sqm": 103923.0 }, "geometry": { "type": "Polygon", "coordinates": [ [ [ -78.623042178097933, 35.800854086317841 ], [ -78.624101497738906, 35.802436268227751 ], [ -78.626313159295691, 35.802479978711411 ], [ -78.627465414860168, 35.800941502297697 ], [ -78.626406044902538, 35.799359347913445 ], [ -78.624194469692682, 35.799315642417071 ], [ -78.623042178097933, 35.800854086317841 ] ] ] } },
{ "type": "Feature", "properties": { "cell_id": "H-00466", "area_sqm": 103923.0 }, "geometry": { "type": "Polygon", "coordinates": [ [ [ -78.622949155820891, 35.803974708716687 ], [ -78.624008511491041, 35.805556892205701 ], [ -78.626220259408015, 35.805600607677029 ], [ -78.627372565290216, 35.804062134671504 ], [ -78.626313159295691, 35.802479978711411 ], [ -78.624101497738906, 35.802436268227751 ], [ -78.622949155820891, 35.803974708716687 ] ] ] } },
{ "type": "Feature", "properties": { "cell_id": "H-00467", "area_sqm": 103923.0 }, "geometry": { "type": "Polygon", "coordinates": [ [ [ -78.622856119242016, 35.807095329282568 ], [ -78.623915510946858, 35.808677514350826 ], [ -78.626127345237265, 35.808721234810221 ], [ -78.627279701444962, 35.807182765213128 ], [ -78.626220259408015, 35.805600607677029 ], [ -78.624008511491041, 35.805556892205701 ], [ -78.622856119242016, 35.807095329282568 ] ] ] } },
{ "type": "Feature", "properties": { "cell_id": "H-00468", "area_sqm": 103923.0 }, "geometry": { "type": "Polygon", "coordinates": [ [ [ -78.622763068359106, 35.810215948015383 ], [ -78.623822496104154, 35.811798134663029 ], [ -78.626034416781252, 35.81184186011086 ], [ -78.627186823322177, 35.810303393922425 ], [ -78.626127345237265, 35.808721234810221 ], [ -78.623915510946858, 35.808677514350826 ], [ -78.622763068359106, 35.810215948015383 ] ] ] } },
{ "type": "Feature", "properties": { "cell_id": "H-00469", "area_sqm": 103923.0 }, "geometry": { "type": "Polygon", "coordinates": [ [ [ -78.622670003169929, 35.813336564915033 ], [ -78.623729466960711, 35.814918753142209 ], [ -78.625941474037759, 35.814962483578853 ], [ -78.627093930919642, 35.813424020799339 ], [ -78.626034416781252, 35.81184186011086 ], [ -78.623822496104154, 35.811798134663029 ], [ -78.622670003169929, 35.813336564915033 ] ] ] } },
{ "type": "Feature", "properties": { "cell_id": "H-00470", "area_sqm": 103923.0 }, "geometry": { "type": "Polygon", "coordinates": [ [ [ -78.622576923672256, 35.816457179981427 ], [ -78.623636423514284, 35.818039369788274 ], [ -78.625848517004542, 35.818083105214136 ], [ -78.627001024235128, 35.816544645843756 ], [ -78.625941474037759, 35.814962483578853 ], [ -78.623729466960711, 35.814918753142209 ], [ -78.622576923672256, 35.816457179981427 ] ] ] } },
{ "type": "Feature", "properties": { "cell_id": "H-00471", "area_sqm": 103923.0 }, "geometry": { "type": "Polygon", "coordinates": [ [ [ -78.622483829863867, 35.819577793214449 ], [ -78.623543365762671, 35.821159984601124 ], [ -78.625755545679397, 35.821203725016574 ], [ -78.626908103266416, 35.819665269055591 ], [ -78.625848517004542, 35.818083105214136 ], [ -78.623636423514284, 35.818039369788274 ], [ -78.622483829863867, 35.819577793214449 ] ] ] } },
{ "type": "Feature", "properties": { "cell_id": "H-00472", "area_sqm": 103923.0 }, "geometry": { "type": "Polygon", "coordinates": [ [ [ -78.621538363875686, 35.739936060666722 ], [ -78.622596913914876, 35.74151823848279 ], [ -78.624806886967306, 35.74156191260596 ], [ -78.625958223888347, 35.740023403926131 ], [ -78.624899623673755, 35.738441253568318 ], [ -78.622689736709134, 35.738397584431901 ], [ -78.621538363875686, 35.739936060666722 ] ] ] } },
{ "type": "Feature", "properties": { "cell_id": "H-00473", "area_sqm": 103923.0 }, "geometry": { "type": "Polygon", "coordinates": [ [ [ -78.621445490899433, 35.7430567113067 ], [ -78.622504076849921, 35.744638890702277 ], [ -78.624714136003377, 35.744682569812589 ], [ -78.625865523100913, 35.743144064540033 ], [ -78.624806886967306, 35.74156191260596 ], [ -78.622596913914876, 35.74151823848279 ], [ -78.621445490899433, 35.7430567113067 ] ] ] } },
{ "type": "Feature", "properties": { "cell_id": "H-00474", "area_sqm": 103923.0 }, "geometry": { "type": "Polygon", "coordinates": [ [ [ -78.621352603644752, 35.746177360115055 ], [ -78.622411225512039, 35.747759541090268 ], [ -78.624621370779735, 35.747803225188122 ], [ -78.625772808061498, 35.746264723323073 ], [ -78.624714136003377, 35.744682569812589 ], [ -78.622504076849921, 35.744638890702277 ], [ -78.621352603644752, 35.746177360115055 ] ] ] } },
{ "type": "Feature", "properties": { "cell_id": "H-00475", "area_sqm": 103923.0 }, "geometry": { "type": "Polygon", "coordinates": [ [ [ -78.621259702109441, 35.749298007091667 ], [ -78.62231835989904, 35.750880189646686 ], [ -78.62452859129418, 35.750923878732458 ], [ -78.625680078767871, 35.749385380275143 ], [ -78.624621370779735, 35.747803225188122 ], [ -78.622411225512039, 35.747759541090268 ], [ -78.621259702109441, 35.749298007091667 ] ] ] } },
{ "type": "Feature", "properties": { "cell_id": "H-00476", "area_sqm": 103923.0 }, "geometry": { "type": "Polygon", "coordinates": [ [ [ -78.621166786291283, 35.752418652236457 ], [ -78.62222548000868, 35.754000836371418 ], [ -78.624435797544507, 35.754044530445483 ], [ -78.625587335217844, 35.752506035396131 ], [ -78.62452859129418, 35.750923878732458 ], [ -78.62231835989904, 35.750880189646686 ], [ -78.621166786291283, 35.752418652236457 ] ] ] } },
{ "type": "Feature", "properties": { "cell_id": "H-00477", "area_sqm": 103923.0 }, "geometry": { "type": "Polygon", "coordinates": [ [ [ -78.621073856188062, 35.755539295549333 ], [ -78.622132585838756, 35.757121481264349 ], [ -78.624342989528486, 35.7571651803271 ], [ -78.625494577409199, 35.755626688685986 ], [ -78.624435797544507, 35.754044530445483 ], [ -78.62222548000868, 35.754000836371418 ], [ -78.621073856188062, 35.755539295549333 ] ] ] } },
{ "type": "Feature", "properties": { "cell_id": "H-00478", "area_sqm": 103923.0 }, "geometry": { "type": "Polygon", "coordinates": [ [ [ -78.620980911797545, 35.758659937030181 ], [ -78.622039677387079, 35.760242124325416 ], [ -78.624250167243915, 35.760285828377221 ], [ -78.625401805339706, 35.758747340144566 ], [ -78.624342989528486, 35.7571651803271 ], [ -78.622132585838756, 35.757121481264349 ], [ -78.620980911797545, 35.758659937030181 ] ] ] } },
{ "type": "Feature", "properties": { "cell_id": "H-00479", "area_sqm": 103923.0 }, "geometry": { "type": "Polygon", "coordinates": [ [ [ -78.62088795311756, 35.761780576678902 ], [ -78.621946754651404, 35.763362765554497 ], [ -78.624157330688575, 35.763406474595747 ], [ -78.625309019007162, 35.761867989771794 ], [ -78.624250167243915, 35.760285828377221 ], [ -78.622039677387079, 35.760242124325416 ], [ -78.62088795311756, 35.761780576678902 ] ] ] } },
{ "type": "Feature", "properties": { "cell_id": "H-00480", "area_sqm": 103923.0 }, "geometry": { "type": "Polygon", "coordinates": [ [ [ -78.620794980145845, 35.764901214495396 ], [ -78.6218538176295, 35.766483404951501 ], [ -78.624064479860252, 35.76652711898258 ], [ -78.625216218409363, 35.764988637567569 ], [ -78.624157330688575, 35.763406474595747 ], [ -78.621946754651404, 35.763362765554497 ], [ -78.620794980145845, 35.764901214495396 ] ] ] } },
{ "type": "Feature", "properties": { "cell_id": "H-00481", "area_sqm": 103923.0 }, "geometry": { "type": "Polygon", "coordinates": [ [ [ -78.620701992880214, 35.768021850479592 ], [ -78.621760866319192, 35.769604042516328 ], [ -78.623971614756726, 35.769647761537612 ], [ -78.625123403544094, 35.768109283531793 ], [ -78.624064479860252, 35.76652711898258 ], [ -78.6218538176295, 35.766483404951501 ], [ -78.620701992880214, 35.768021850479592 ] ] ] } },
{ "type": "Feature", "properties": { "cell_id": "H-00482", "area_sqm": 103923.0 }, "geometry": { "type": "Polygon", "coordinates": [ [ [ -78.62060899131842, 35.771142484631355 ], [ -78.621667900718222, 35.772724678248878 ], [ -78.623878735375797, 35.772768402260766 ], [ -78.625030574409124, 35.771229927664365 ], [ -78.623971614756726, 35.769647761537612 ], [ -78.621760866319192, 35.769604042516328 ], [ -78.62060899131842, 35.771142484631355 ] ] ] } },
{ "type": "Feature", "properties": { "cell_id": "H-00483", "area_sqm": 103923.0 }, "geometry": { "type": "Polygon", "coordinates": [ [ [ -78.620515975458261, 35.7742631169506 ], [ -78.621574920824401, 35.775845312149059 ], [ -78.623785841715232, 35.775889041151927 ], [ -78.624937731002248, 35.774350569965186 ], [ -78.623878735375797, 35.772768402260766 ], [ -78.621667900718222, 35.772724678248878 ], [ -78.620515975458261, 35.7742631169506 ] ] ] } },
{ "type": "Feature", "properties": { "cell_id": "H-00484", "area_sqm": 103923.0 }, "geometry": { "type": "Polygon", "coordinates": [ [ [ -78.62042294529752, 35.777383747437241 ], [ -78.621481926635497, 35.778965944216779 ], [ -78.62369293377283, 35.779009678210997 ], [ -78.624844873321265, 35.777471210434165 ], [ -78.623785841715232, 35.775889041151927 ], [ -78.621574920824401, 35.775845312149059 ], [ -78.62042294529752, 35.777383747437241 ] ] ] } },
{ "type": "Feature", "properties": { "cell_id": "H-00485", "area_sqm": 103923.0 }, "geometry": { "type": "Polygon", "coordinates": [ [ [ -78.620329900833966, 35.78050437609118 ], [ -78.621388918149293, 35.782086574451917 ], [ -78.623600011546344, 35.782130313437882 ], [ -78.624752001363916, 35.780591849071193 ], [ -78.62369293377283, 35.779009678210997 ], [ -78.621481926635497, 35.778965944216779 ], [ -78.620329900833966, 35.78050437609118 ] ] ] } },
{ "type": "Feature", "properties": { "cell_id": "H-00486", "area_sqm": 103923.0 }, "geometry": { "type": "Polygon", "coordinates": [ [ [ -78.620236842065381, 35.783625002912288 ], [ -78.621295895363573, 35.785207202854394 ], [ -78.623507075033586, 35.785250946832484 ], [ -78.62465911512804, 35.783712485876187 ], [ -78.623600011546344, 35.782130313437882 ], [ -78.621388918149293, 35.782086574451917 ], [ -78.620236842065381, 35.783625002912288 ] ] ] } },
{ "type": "Feature", "properties": { "cell_id": "H-00487", "area_sqm": 103923.0 }, "geometry": { "type": "Polygon", "coordinates": [ [ [ -78.620143768989536, 35.786745627900501 ], [ -78.621202858276106, 35.788327829424112 ], [ -78.62341412423234, 35.788371578394703 ], [ -78.624566214611377, 35.786833120849032 ], [ -78.623507075033586, 35.785250946832484 ], [ -78.621295895363573, 35.785207202854394 ], [ -78.620143768989536, 35.786745627900501 ] ] ] } },
{ "type": "Feature", "properties": { "cell_id": "H-00488", "area_sqm": 103923.0 }, "geometry": { "type": "Polygon", "coordinates": [ [ [ -78.620050681604226, 35.789866251055706 ], [ -78.621109806884675, 35.791448454160957 ], [ -78.62332115914036, 35.79149220812446 ], [ -78.62447329981174, 35.789953753989643 ], [ -78.62341412423234, 35.788371578394703 ], [ -78.621202858276106, 35.788327829424112 ], [ -78.620050681604226, 35.789866251055706 ] ] ] } },
{ "type": "Feature", "properties": { "cell_id": "H-00489", "area_sqm": 103923.0 }, "geometry": { "type": "Polygon", "coordinates": [ [ [ -78.619957579907236, 35.79298687237781 ], [ -78.621016741187063, 35.79456907706485 ], [ -78.623228179755458, 35.794612836021621 ], [ -78.624380370726897, 35.793074385297906 ], [ -78.62332115914036, 35.79149220812446 ], [ -78.621109806884675, 35.791448454160957 ], [ -78.619957579907236, 35.79298687237781 ] ] ] } },
{ "type": "Feature", "properties": { "cell_id": "H-00490", "area_sqm": 103923.0 }, "geometry": { "type": "Polygon", "coordinates": [ [ [ -78.61986446389632, 35.796107491866714 ], [ -78.620923661181052, 35.797689698135684 ], [ -78.623135186075388, 35.797733462086107 ], [ -78.624287427354602, 35.796195014773758 ], [ -78.623228179755458, 35.794612836021621 ], [ -78.621016741187063, 35.79456907706485 ], [ -78.61986446389632, 35.796107491866714 ] ] ] } },
{ "type": "Feature", "properties": { "cell_id": "H-00491", "area_sqm": 103923.0 }, "geometry": { "type": "Polygon", "coordinates": [ [ [ -78.619771333569261, 35.799228109522311 ], [ -78.620830566864413, 35.800810317373355 ], [ -78.623042178097933, 35.800854086317841 ], [ -78.624194469692682, 35.799315642417071 ], [ -78.623135186075388, 35.797733462086107 ], [ -78.620923661181052, 35.797689698135684 ], [ -78.619771333569261, 35.799228109522311 ] ] ] } },
{ "type": "Feature", "properties": { "cell_id": "H-00492", "area_sqm": 103923.0 }, "geometry": { "type": "Polygon", "coordinates": [ [ [ -78.619678188923842, 35.80234872534453 ], [ -78.620737458234927, 35.803930934777775 ], [ -78.622949155820891, 35.803974708716687 ], [ -78.624101497738906, 35.802436268227751 ], [ -78.623042178097933, 35.800854086317841 ], [ -78.620830566864413, 35.800810317373355 ], [ -78.619678188923842, 35.80234872534453 ] ] ] } },
{ "type": "Feature", "properties": { "cell_id": "H-00493", "area_sqm": 103923.0 }, "geometry": { "type": "Polygon", "coordinates": [ [ [ -78.619585029957832, 35.805469339333236 ], [ -78.620644335290351, 35.807051550348852 ], [ -78.622856119242016, 35.807095329282568 ], [ -78.624008511491041, 35.805556892205701 ], [ -78.622949155820891, 35.803974708716687 ], [ -78.620737458234927, 35.803930934777775 ], [ -78.619585029957832, 35.805469339333236 ] ] ] } },
{ "type": "Feature", "properties": { "cell_id": "H-00494", "area_sqm": 103923.0 }, "geometry": { "type": "Polygon", "coordinates": [ [ [ -78.619491856669015, 35.808589951488365 ], [ -78.62055119802848, 35.810172164086474 ], [ -78.622763068359106, 35.810215948015383 ], [ -78.623915510946858, 35.808677514350826 ], [ -78.622856119242016, 35.807095329282568 ], [ -78.620644335290351, 35.807051550348852 ], [ -78.619491856669015, 35.808589951488365 ] ] ] } },
{ "type": "Feature", "properties": { "cell_id": "H-00495", "area_sqm": 103923.0 }, "geometry": { "type": "Polygon", "coordinates": [ [ [ -78.619398669055144, 35.811710561809782 ], [ -78.620458046447098, 35.813292775990547 ], [ -78.622670003169929, 35.813336564915033 ], [ -78.623822496104154, 35.811798134663029 ], [ -78.622763068359106, 35.810215948015383 ], [ -78.62055119802848, 35.810172164086474 ], [ -78.619398669055144, 35.811710561809782 ] ] ] } },
{ "type": "Feature", "properties": { "cell_id": "H-00496", "area_sqm": 103923.0 }, "geometry": { "type": "Polygon", "coordinates": [ [ [ -78.619305467114017, 35.814831170297424 ], [ -78.62036488054396, 35.816413386060965 ], [ -78.622576923672256, 35.816457179981427 ], [ -78.623729466960711, 35.814918753142209 ], [ -78.622670003169929, 35.813336564915033 ], [ -78.620458046447098, 35.813292775990547 ], [ -78.619305467114017, 35.814831170297424 ] ] ] } },
{ "type": "Feature", "properties": { "cell_id": "H-00497", "area_sqm": 103923.0 }, "geometry": { "type": "Polygon", "coordinates": [ [ [ -78.619212250843404, 35.817951776951169 ], [ -78.620271700316849, 35.81953399429765 ], [ -78.622483829863867, 35.819577793214449 ], [ -78.623636423514284, 35.818039369788274 ], [ -78.622576923672256, 35.816457179981427 ], [ -78.62036488054396, 35.816413386060965 ], [ -78.619212250843404, 35.817951776951169 ] ] ] } },
{ "type": "Feature", "properties": { "cell_id": "H-00498", "area_sqm": 103923.0 }, "geometry": { "type": "Polygon", "coordinates": [ [ [ -78.619119020241058, 35.821072381770946 ], [ -78.620178505763533, 35.822654600700496 ], [ -78.622390721742548, 35.82269840461403 ], [ -78.623543365762671, 35.821159984601124 ], [ -78.622483829863867, 35.819577793214449 ], [ -78.620271700316849, 35.81953399429765 ], [ -78.619119020241058, 35.821072381770946 ] ] ] } },
{ "type": "Feature", "properties": { "cell_id": "H-00499", "area_sqm": 103923.0 }, "geometry": { "type": "Polygon", "coordinates": [ [ [ -78.618176982085131, 35.741430768592551 ], [ -78.619235481935689, 35.743012973864552 ], [ -78.621445490899433, 35.7430567113067 ], [ -78.622596913914876, 35.74151823848279 ], [ -78.621538363875686, 35.739936060666722 ], [ -78.61932844100528, 35.739892328218453 ], [ -78.618176982085131, 35.741430768592551 ] ] ] } },
{ "type": "Feature", "properties": { "cell_id": "H-00500", "area_sqm": 103923.0 }, "geometry": { "type": "Polygon", "coordinates": [ [ [ -78.61808397282033, 35.744551410823853 ], [ -78.619142508574484, 35.746133617678623 ], [ -78.621352603644752, 35.746177360115055 ], [ -78.622504076849921, 35.744638890702277 ], [ -78.621445490899433, 35.7430567113067 ], [ -78.619235481935689, 35.743012973864552 ], [ -78.61808397282033, 35.744551410823853 ] ] ] } },
{ "type": "Feature", "properties": { "cell_id": "H-00501", "area_sqm": 103923.0 }, "geometry": { "type": "Polygon", "coordinates": [ [ [ -78.617990949256182, 35.747672051222921 ], [ -78.619049520919432, 35.749254259660582 ], [ -78.621259702109441, 35.749298007091667 ], [ -78.622411225512039, 35.747759541090268 ], [ -78.621352603644752, 35.746177360115055 ], [ -78.619142508574484, 35.746133617678623 ], [ -78.617990949256182, 35.747672051222921 ] ] ] } },
{ "type": "Feature", "properties": { "cell_id": "H-00502", "area_sqm": 103923.0 }, "geometry": { "type": "Polygon", "coordinates": [ [ [ -78.617897911390472, 35.75079268978962 ], [ -78.618956518968318, 35.752374899810334 ], [ -78.621166786291283, 35.752418652236457 ], [ -78.62231835989904, 35.750880189646686 ], [ -78.621259702109441, 35.749298007091667 ], [ -78.619049520919432, 35.749254259660582 ], [ -78.617897911390472, 35.75079268978962 ] ] ] } },
{ "type": "Feature", "properties": { "cell_id": "H-00503", "area_sqm": 103923.0 }, "geometry": { "type": "Polygon", "coordinates": [ [ [ -78.617804859220996, 35.753913326523886 ], [ -78.618863502718924, 35.755495538127768 ], [ -78.621073856188062, 35.755539295549333 ], [ -78.62222548000868, 35.754000836371418 ], [ -78.621166786291283, 35.752418652236457 ], [ -78.618956518968318, 35.752374899810334 ], [ -78.617804859220996, 35.753913326523886 ] ] ] } },
{ "type": "Feature", "properties": { "cell_id": "H-00504", "area_sqm": 103923.0 }, "geometry": { "type": "Polygon", "coordinates": [ [ [ -78.61771179274551, 35.75703396142557 ], [ -78.618770472169018, 35.758616174612811 ], [ -78.620980911797545, 35.758659937030181 ], [ -78.622132585838756, 35.757121481264349 ], [ -78.621073856188062, 35.755539295549333 ], [ -78.618863502718924, 35.755495538127768 ], [ -78.61771179274551, 35.75703396142557 ] ] ] } },
{ "type": "Feature", "properties": { "cell_id": "H-00505", "area_sqm": 103923.0 }, "geometry": { "type": "Polygon", "coordinates": [ [ [ -78.617618711961796, 35.760154594494637 ], [ -78.618677427316413, 35.761736809265336 ], [ -78.62088795311756, 35.761780576678902 ], [ -78.622039677387079, 35.760242124325416 ], [ -78.620980911797545, 35.758659937030181 ], [ -78.618770472169018, 35.758616174612811 ], [ -78.617618711961796, 35.760154594494637 ] ] ] } },
{ "type": "Feature", "properties": { "cell_id": "H-00506", "area_sqm": 103923.0 }, "geometry": { "type": "Polygon", "coordinates": [ [ [ -78.617525616867653, 35.763275225730951 ], [ -78.618584368158849, 35.764857442085258 ], [ -78.620794980145845, 35.764901214495396 ], [ -78.621946754651404, 35.763362765554497 ], [ -78.62088795311756, 35.761780576678902 ], [ -78.618677427316413, 35.761736809265336 ], [ -78.617525616867653, 35.763275225730951 ] ] ] } },
{ "type": "Feature", "properties": { "cell_id": "H-00507", "area_sqm": 103923.0 }, "geometry": { "type": "Polygon", "coordinates": [ [ [ -78.617432507460833, 35.766395855134412 ], [ -78.618491294694138, 35.767978073072484 ], [ -78.620701992880214, 35.768021850479592 ], [ -78.6218538176295, 35.766483404951501 ], [ -78.620794980145845, 35.764901214495396 ], [ -78.618584368158849, 35.764857442085258 ], [ -78.617432507460833, 35.766395855134412 ] ] ] } },
{ "type": "Feature", "properties": { "cell_id": "H-00508", "area_sqm": 103923.0 }, "geometry": { "type": "Polygon", "coordinates": [ [ [ -78.61733938373915, 35.76951648270493 ], [ -78.618398206920034, 35.771098702226908 ], [ -78.62060899131842, 35.771142484631355 ], [ -78.621760866319192, 35.769604042516328 ], [ -78.620701992880214, 35.768021850479592 ], [ -78.618491294694138, 35.767978073072484 ], [ -78.61733938373915, 35.76951648270493 ] ] ] } },
{ "type": "Feature", "properties": { "cell_id": "H-00509", "area_sqm": 103923.0 }, "geometry": { "type": "Polygon", "coordinates": [ [ [ -78.617246245700358, 35.772637108442417 ], [ -78.618305104834349, 35.774219329548423 ], [ -78.620515975458261, 35.7742631169506 ], [ -78.621667900718222, 35.772724678248878 ], [ -78.62060899131842, 35.771142484631355 ], [ -78.618398206920034, 35.771098702226908 ], [ -78.617246245700358, 35.772637108442417 ] ] ] } },
{ "type": "Feature", "properties": { "cell_id": "H-00510", "area_sqm": 103923.0 }, "geometry": { "type": "Polygon", "coordinates": [ [ [ -78.617153093342225, 35.775757732346761 ], [ -78.618211988434837, 35.777339955036958 ], [ -78.62042294529752, 35.777383747437241 ], [ -78.621574920824401, 35.775845312149059 ], [ -78.620515975458261, 35.7742631169506 ], [ -78.618305104834349, 35.774219329548423 ], [ -78.617153093342225, 35.775757732346761 ] ] ] } },
{ "type": "Feature", "properties": { "cell_id": "H-00511", "area_sqm": 103923.0 }, "geometry": { "type": "Polygon", "coordinates": [ [ [ -78.617059926662563, 35.77887835441787 ], [ -78.618118857719281, 35.780460578692399 ], [ -78.620329900833966, 35.78050437609118 ], [ -78.621481926635497, 35.778965944216779 ], [ -78.62042294529752, 35.777383747437241 ], [ -78.618211988434837, 35.777339955036958 ], [ -78.617059926662563, 35.77887835441787 ] ] ] } },
{ "type": "Feature", "properties": { "cell_id": "H-00512", "area_sqm": 103923.0 }, "geometry": { "type": "Polygon", "coordinates": [ [ [ -78.616966745659127, 35.781998974655629 ], [ -78.618025712685466, 35.783581200514632 ], [ -78.620236842065381, 35.783625002912288 ], [ -78.621388918149293, 35.782086574451917 ], [ -78.620329900833966, 35.78050437609118 ], [ -78.618118857719281, 35.780460578692399 ], [ -78.616966745659127, 35.781998974655629 ] ] ] } },
{ "type": "Feature", "properties": { "cell_id": "H-00513", "area_sqm": 103923.0 }, "geometry": { "type": "Polygon", "coordinates": [ [ [ -78.616873550329686, 35.785119593059974 ], [ -78.617932553331144, 35.786701820503581 ], [ -78.620143768989536, 35.786745627900501 ], [ -78.621295895363573, 35.785207202854394 ], [ -78.620236842065381, 35.783625002912288 ], [ -78.618025712685466, 35.783581200514632 ], [ -78.616873550329686, 35.785119593059974 ] ] ] } },
{ "type": "Feature", "properties": { "cell_id": "H-00514", "area_sqm": 103923.0 }, "geometry": { "type": "Polygon", "coordinates": [ [ [ -78.616780340672008, 35.788240209630779 ], [ -78.617839379654129, 35.789822438659137 ], [ -78.620050681604226, 35.789866251055706 ], [ -78.621202858276106, 35.788327829424112 ], [ -78.620143768989536, 35.786745627900501 ], [ -78.617932553331144, 35.786701820503581 ], [ -78.616780340672008, 35.788240209630779 ] ] ] } },
{ "type": "Feature", "properties": { "cell_id": "H-00515", "area_sqm": 103923.0 }, "geometry": { "type": "Polygon", "coordinates": [ [ [ -78.616687116683906, 35.791360824367956 ], [ -78.617746191652159, 35.792943054981215 ], [ -78.619957579907236, 35.79298687237781 ], [ -78.621109806884675, 35.791448454160957 ], [ -78.620050681604226, 35.789866251055706 ], [ -78.617839379654129, 35.789822438659137 ], [ -78.616687116683906, 35.791360824367956 ] ] ] } },
{ "type": "Feature", "properties": { "cell_id": "H-00516", "area_sqm": 103923.0 }, "geometry": { "type": "Polygon", "coordinates": [ [ [ -78.616593878363119, 35.794481437271386 ], [ -78.617652989323034, 35.796063669469703 ], [ -78.61986446389632, 35.796107491866714 ], [ -78.621016741187063, 35.79456907706485 ], [ -78.619957579907236, 35.79298687237781 ], [ -78.617746191652159, 35.792943054981215 ], [ -78.616593878363119, 35.794481437271386 ] ] ] } },
{ "type": "Feature", "properties": { "cell_id": "H-00517", "area_sqm": 103923.0 }, "geometry": { "type": "Polygon", "coordinates": [ [ [ -78.616500625707445, 35.79760204834102 ], [ -78.617559772664521, 35.799184282124507 ], [ -78.619771333569261, 35.799228109522311 ], [ -78.620923661181052, 35.797689698135684 ], [ -78.61986446389632, 35.796107491866714 ], [ -78.617652989323034, 35.796063669469703 ], [ -78.616500625707445, 35.79760204834102 ] ] ] } },
{ "type": "Feature", "properties": { "cell_id": "H-00518", "area_sqm": 103923.0 }, "geometry": { "type": "Polygon", "coordinates": [ [ [ -78.616407358714639, 35.800722657576713 ], [ -78.617466541674389, 35.802304892945536 ], [ -78.619678188923842, 35.80234872534453 ], [ -78.620830566864413, 35.800810317373355 ], [ -78.619771333569261, 35.799228109522311 ], [ -78.617559772664521, 35.799184282124507 ], [ -78.616407358714639, 35.800722657576713 ] ] ] } },
{ "type": "Feature", "properties": { "cell_id": "H-00519", "area_sqm": 103923.0 }, "geometry": { "type": "Polygon", "coordinates": [ [ [ -78.616314077382484, 35.803843264978376 ], [ -78.617373296350422, 35.805425501932667 ], [ -78.619585029957832, 35.805469339333236 ], [ -78.620737458234927, 35.803930934777775 ], [ -78.619678188923842, 35.80234872534453 ], [ -78.617466541674389, 35.802304892945536 ], [ -78.616314077382484, 35.803843264978376 ] ] ] } },
{ "type": "Feature", "properties": { "cell_id": "H-00520", "area_sqm": 103923.0 }, "geometry": { "type": "Polygon", "coordinates": [ [ [ -78.616220781708748, 35.806963870545935 ], [ -78.617280036690389, 35.808546109085839 ], [ -78.619491856669015, 35.808589951488365 ], [ -78.620644335290351, 35.807051550348852 ], [ -78.619585029957832, 35.805469339333236 ], [ -78.617373296350422, 35.805425501932667 ], [ -78.616220781708748, 35.806963870545935 ] ] ] } },
{ "type": "Feature", "properties": { "cell_id": "H-00521", "area_sqm": 103923.0 }, "geometry": { "type": "Polygon", "coordinates": [ [ [ -78.6161274716912, 35.810084474279272 ], [ -78.617186762692057, 35.811666714404929 ], [ -78.619398669055144, 35.811710561809782 ], [ -78.62055119802848, 35.810172164086474 ], [ -78.619491856669015, 35.808589951488365 ], [ -78.617280036690389, 35.808546109085839 ], [ -78.6161274716912, 35.810084474279272 ] ] ] } },
{ "type": "Feature", "properties": { "cell_id": "H-00522", "area_sqm": 103923.0 }, "geometry": { "type": "Polygon", "coordinates": [ [ [ -78.616034147327625, 35.813205076178278 ], [ -78.617093474353211, 35.814787317889838 ], [ -78.619305467114017, 35.814831170297424 ], [ -78.620458046447098, 35.813292775990547 ], [ -78.619398669055144, 35.811710561809782 ], [ -78.617186762692057, 35.811666714404929 ], [ -78.616034147327625, 35.813205076178278 ] ] ] } },
{ "type": "Feature", "properties": { "cell_id": "H-00523", "area_sqm": 103923.0 }, "geometry": { "type": "Polygon", "coordinates": [ [ [ -78.615940808615775, 35.816325676242876 ], [ -78.617000171671606, 35.817907919540502 ], [ -78.619212250843404, 35.817951776951169 ], [ -78.62036488054396, 35.816413386060965 ], [ -78.619305467114017, 35.814831170297424 ], [ -78.617093474353211, 35.814787317889838 ], [ -78.615940808615775, 35.816325676242876 ] ] ] } },
{ "type": "Feature", "properties": { "cell_id": "H-00524", "area_sqm": 103923.0 }, "geometry": { "type": "Polygon", "coordinates": [ [ [ -78.615847455553421, 35.819446274472966 ], [ -78.616906854645023, 35.821028519356773 ], [ -78.619119020241058, 35.821072381770946 ], [ -78.620271700316849, 35.81953399429765 ], [ -78.619212250843404, 35.817951776951169 ], [ -78.617000171671606, 35.817907919540502 ], [ -78.615847455553421, 35.819446274472966 ] ] ] } },
{ "type": "Feature", "properties": { "cell_id": "H-00525", "area_sqm": 103923.0 }, "geometry": { "type": "Polygon", "coordinates": [ [ [ -78.614908609558242, 35.739804741686243 ], [ -78.615967023316614, 35.741386972826028 ], [ -78.618176982085131, 35.741430768592551 ], [ -78.61932844100528, 35.739892328218453 ], [ -78.61826997705279, 35.738310124529072 ], [ -78.616060104369879, 35.7382663337632 ], [ -78.614908609558242, 35.739804741686243 ] ] ] } },
{ "type": "Feature", "properties": { "cell_id": "H-00526", "area_sqm": 103923.0 }, "geometry": { "type": "Polygon", "coordinates": [ [ [ -78.614815478304251, 35.742925377330671 ], [ -78.615873927953004, 35.744507610056317 ], [ -78.61808397282033, 35.744551410823853 ], [ -78.619235481935689, 35.743012973864552 ], [ -78.618176982085131, 35.741430768592551 ], [ -78.615967023316614, 35.741386972826028 ], [ -78.614815478304251, 35.742925377330671 ] ] ] } },
{ "type": "Feature", "properties": { "cell_id": "H-00527", "area_sqm": 103923.0 }, "geometry": { "type": "Polygon", "coordinates": [ [ [ -78.614722332732214, 35.746046011142305 ], [ -78.615780818276832, 35.747628245453967 ], [ -78.617990949256182, 35.747672051222921 ], [ -78.619142508574484, 35.746133617678623 ], [ -78.61808397282033, 35.744551410823853 ], [ -78.615873927953004, 35.744507610056317 ], [ -78.614722332732214, 35.746046011142305 ] ] ] } },
{ "type": "Feature", "properties": { "cell_id": "H-00528", "area_sqm": 103923.0 }, "geometry": { "type": "Polygon", "coordinates": [ [ [ -78.614629172839898, 35.749166643121072 ], [ -78.615687694285896, 35.750748879018886 ], [ -78.617897911390472, 35.75079268978962 ], [ -78.619049520919432, 35.749254259660582 ], [ -78.617990949256182, 35.747672051222921 ], [ -78.615780818276832, 35.747628245453967 ], [ -78.614629172839898, 35.749166643121072 ] ] ] } },
{ "type": "Feature", "properties": { "cell_id": "H-00529", "area_sqm": 103923.0 }, "geometry": { "type": "Polygon", "coordinates": [ [ [ -78.614535998625087, 35.752287273266852 ], [ -78.61559455597795, 35.753869510750967 ], [ -78.617804859220996, 35.753913326523886 ], [ -78.618956518968318, 35.752374899810334 ], [ -78.617897911390472, 35.75079268978962 ], [ -78.615687694285896, 35.750748879018886 ], [ -78.614535998625087, 35.752287273266852 ] ] ] } },
{ "type": "Feature", "properties": { "cell_id": "H-00530", "area_sqm": 103923.0 }, "geometry": { "type": "Polygon", "coordinates": [ [ [ -78.614442810085549, 35.755407901579566 ], [ -78.615501403350791, 35.75699014065011 ], [ -78.61771179274551, 35.75703396142557 ], [ -78.618863502718924, 35.755495538127768 ], [ -78.617804859220996, 35.753913326523886 ], [ -78.61559455597795, 35.753869510750967 ], [ -78.614442810085549, 35.755407901579566 ] ] ] } },
{ "type": "Feature", "properties": { "cell_id": "H-00531", "area_sqm": 103923.0 }, "geometry": { "type": "Polygon", "coordinates": [ [ [ -78.614349607219083, 35.758528528059102 ], [ -78.615408236402175, 35.760110768716231 ], [ -78.617618711961796, 35.760154594494637 ], [ -78.618770472169018, 35.758616174612811 ], [ -78.61771179274551, 35.75703396142557 ], [ -78.615501403350791, 35.75699014065011 ], [ -78.614349607219083, 35.758528528059102 ] ] ] } },
{ "type": "Feature", "properties": { "cell_id": "H-00532", "area_sqm": 103923.0 }, "geometry": { "type": "Polygon", "coordinates": [ [ [ -78.614256390023442, 35.76164915270536 ], [ -78.615315055129912, 35.763231394949223 ], [ -78.617525616867653, 35.763275225730951 ], [ -78.618677427316413, 35.761736809265336 ], [ -78.617618711961796, 35.760154594494637 ], [ -78.615408236402175, 35.760110768716231 ], [ -78.614256390023442, 35.76164915270536 ] ] ] } },
{ "type": "Feature", "properties": { "cell_id": "H-00533", "area_sqm": 103923.0 }, "geometry": { "type": "Polygon", "coordinates": [ [ [ -78.614163158496424, 35.764769775518246 ], [ -78.615221859531758, 35.766352019348972 ], [ -78.617432507460833, 35.766395855134412 ], [ -78.618584368158849, 35.764857442085258 ], [ -78.617525616867653, 35.763275225730951 ], [ -78.615315055129912, 35.763231394949223 ], [ -78.614163158496424, 35.764769775518246 ] ] ] } },
{ "type": "Feature", "properties": { "cell_id": "H-00534", "area_sqm": 103923.0 }, "geometry": { "type": "Polygon", "coordinates": [ [ [ -78.614069912635784, 35.76789039649767 ], [ -78.615128649605481, 35.769472641915399 ], [ -78.61733938373915, 35.76951648270493 ], [ -78.618491294694138, 35.767978073072484 ], [ -78.617432507460833, 35.766395855134412 ], [ -78.615221859531758, 35.766352019348972 ], [ -78.614069912635784, 35.76789039649767 ] ] ] } },
{ "type": "Feature", "properties": { "cell_id": "H-00535", "area_sqm": 103923.0 }, "geometry": { "type": "Polygon", "coordinates": [ [ [ -78.613976652439305, 35.771011015643516 ], [ -78.615035425348879, 35.772593262648414 ], [ -78.617246245700358, 35.772637108442417 ], [ -78.618398206920034, 35.771098702226908 ], [ -78.61733938373915, 35.76951648270493 ], [ -78.615128649605481, 35.769472641915399 ], [ -78.613976652439305, 35.771011015643516 ] ] ] } },
{ "type": "Feature", "properties": { "cell_id": "H-00536", "area_sqm": 103923.0 }, "geometry": { "type": "Polygon", "coordinates": [ [ [ -78.61388337790477, 35.774131632955708 ], [ -78.61494218675972, 35.775713881547887 ], [ -78.617153093342225, 35.775757732346761 ], [ -78.618305104834349, 35.774219329548423 ], [ -78.617246245700358, 35.772637108442417 ], [ -78.615035425348879, 35.772593262648414 ], [ -78.61388337790477, 35.774131632955708 ] ] ] } },
{ "type": "Feature", "properties": { "cell_id": "H-00537", "area_sqm": 103923.0 }, "geometry": { "type": "Polygon", "coordinates": [ [ [ -78.613790089029948, 35.777252248434124 ], [ -78.614848933835773, 35.778834498613747 ], [ -78.617059926662563, 35.77887835441787 ], [ -78.618211988434837, 35.777339955036958 ], [ -78.617153093342225, 35.775757732346761 ], [ -78.61494218675972, 35.775713881547887 ], [ -78.613790089029948, 35.777252248434124 ] ] ] } },
{ "type": "Feature", "properties": { "cell_id": "H-00538", "area_sqm": 103923.0 }, "geometry": { "type": "Polygon", "coordinates": [ [ [ -78.613696785812621, 35.780372862078686 ], [ -78.614755666574823, 35.781955113845882 ], [ -78.616966745659127, 35.781998974655629 ], [ -78.618118857719281, 35.780460578692399 ], [ -78.617059926662563, 35.77887835441787 ], [ -78.614848933835773, 35.778834498613747 ], [ -78.613696785812621, 35.780372862078686 ] ] ] } },
{ "type": "Feature", "properties": { "cell_id": "H-00539", "area_sqm": 103923.0 }, "geometry": { "type": "Polygon", "coordinates": [ [ [ -78.613603468250531, 35.783493473889273 ], [ -78.614662384974636, 35.785075727244205 ], [ -78.616873550329686, 35.785119593059974 ], [ -78.618025712685466, 35.783581200514632 ], [ -78.616966745659127, 35.781998974655629 ], [ -78.614755666574823, 35.781955113845882 ], [ -78.613603468250531, 35.783493473889273 ] ] ] } },
{ "type": "Feature", "properties": { "cell_id": "H-00540", "area_sqm": 103923.0 }, "geometry": { "type": "Polygon", "coordinates": [ [ [ -78.613510136341475, 35.786614083865807 ], [ -78.614569089032983, 35.788196338808611 ], [ -78.616780340672008, 35.788240209630779 ], [ -78.617932553331144, 35.786701820503581 ], [ -78.616873550329686, 35.785119593059974 ], [ -78.614662384974636, 35.785075727244205 ], [ -78.613510136341475, 35.786614083865807 ] ] ] } },
{ "type": "Feature", "properties": { "cell_id": "H-00541", "area_sqm": 103923.0 }, "geometry": { "type": "Polygon", "coordinates": [ [ [ -78.613416790083249, 35.789734692008189 ], [ -78.614475778747646, 35.791316948539006 ], [ -78.616687116683906, 35.791360824367956 ], [ -78.617839379654129, 35.789822438659137 ], [ -78.616780340672008, 35.788240209630779 ], [ -78.614569089032983, 35.788196338808611 ], [ -78.613416790083249, 35.789734692008189 ] ] ] } },
{ "type": "Feature", "properties": { "cell_id": "H-00542", "area_sqm": 103923.0 }, "geometry": { "type": "Polygon", "coordinates": [ [ [ -78.613323429473581, 35.792855298316312 ], [ -78.614382454116381, 35.794437556435284 ], [ -78.616593878363119, 35.794481437271386 ], [ -78.617746191652159, 35.792943054981215 ], [ -78.616687116683906, 35.791360824367956 ], [ -78.614475778747646, 35.791316948539006 ], [ -78.613323429473581, 35.792855298316312 ] ] ] } },
{ "type": "Feature", "properties": { "cell_id": "H-00543", "area_sqm": 103923.0 }, "geometry": { "type": "Polygon", "coordinates": [ [ [ -78.613230054510268, 35.795975902790083 ], [ -78.614289115136998, 35.797558162497346 ], [ -78.616500625707445, 35.79760204834102 ], [ -78.617652989323034, 35.796063669469703 ], [ -78.616593878363119, 35.794481437271386 ], [ -78.614382454116381, 35.794437556435284 ], [ -78.613230054510268, 35.795975902790083 ] ] ] } },
{ "type": "Feature", "properties": { "cell_id": "H-00544", "area_sqm": 103923.0 }, "geometry": { "type": "Polygon", "coordinates": [ [ [ -78.613136665191064, 35.799096505429397 ], [ -78.61419576180721, 35.800678766725099 ], [ -78.616407358714639, 35.800722657576713 ], [ -78.617559772664521, 35.799184282124507 ], [ -78.616500625707445, 35.79760204834102 ], [ -78.614289115136998, 35.797558162497346 ], [ -78.613136665191064, 35.799096505429397 ] ] ] } },
{ "type": "Feature", "properties": { "cell_id": "H-00545", "area_sqm": 103923.0 }, "geometry": { "type": "Polygon", "coordinates": [ [ [ -78.613043261513752, 35.802217106234174 ], [ -78.614102394124842, 35.803799369118458 ], [ -78.616314077382484, 35.803843264978376 ], [ -78.617466541674389, 35.802304892945536 ], [ -78.616407358714639, 35.800722657576713 ], [ -78.61419576180721, 35.800678766725099 ], [ -78.613043261513752, 35.802217106234174 ] ] ] } },
{ "type": "Feature", "properties": { "cell_id": "H-00546", "area_sqm": 103923.0 }, "geometry": { "type": "Polygon", "coordinates": [ [ [ -78.612949843476088, 35.80533770520428 ], [ -78.614009012087649, 35.806919969677303 ], [ -78.616220781708748, 35.806963870545935 ], [ -78.617373296350422, 35.805425501932667 ], [ -78.616314077382484, 35.803843264978376 ], [ -78.614102394124842, 35.803799369118458 ], [ -78.612949843476088, 35.80533770520428 ] ] ] } },
{ "type": "Feature", "properties": { "cell_id": "H-00547", "area_sqm": 103923.0 }, "geometry": { "type": "Polygon", "coordinates": [ [ [ -78.612856411075853, 35.808458302339645 ], [ -78.613915615693372, 35.81004056840154 ], [ -78.6161274716912, 35.810084474279272 ], [ -78.617280036690389, 35.808546109085839 ], [ -78.616220781708748, 35.806963870545935 ], [ -78.614009012087649, 35.806919969677303 ], [ -78.612856411075853, 35.808458302339645 ] ] ] } },
{ "type": "Feature", "properties": { "cell_id": "H-00548", "area_sqm": 103923.0 }, "geometry": { "type": "Polygon", "coordinates": [ [ [ -78.612762964310818, 35.811578897640167 ], [ -78.613822204939794, 35.813161165291078 ], [ -78.616034147327625, 35.813205076178278 ], [ -78.617186762692057, 35.811666714404929 ], [ -78.6161274716912, 35.810084474279272 ], [ -78.613915615693372, 35.81004056840154 ], [ -78.612762964310818, 35.811578897640167 ] ] ] } },
{ "type": "Feature", "properties": { "cell_id": "H-00549", "area_sqm": 103923.0 }, "geometry": { "type": "Polygon", "coordinates": [ [ [ -78.612669503178751, 35.814699491105735 ], [ -78.613728779824712, 35.816281760345817 ], [ -78.615940808615775, 35.816325676242876 ], [ -78.617093474353211, 35.814787317889838 ], [ -78.616034147327625, 35.813205076178278 ], [ -78.613822204939794, 35.813161165291078 ], [ -78.612669503178751, 35.814699491105735 ] ] ] } },
{ "type": "Feature", "properties": { "cell_id": "H-00550", "area_sqm": 103923.0 }, "geometry": { "type": "Polygon", "coordinates": [ [ [ -78.612576027677406, 35.817820082736276 ], [ -78.613635340345866, 35.819402353565643 ], [ -78.615847455553421, 35.819446274472966 ], [ -78.617000171671606, 35.817907919540502 ], [ -78.615940808615775, 35.816325676242876 ], [ -78.613728779824712, 35.816281760345817 ], [ -78.612576027677406, 35.817820082736276 ] ] ] } },
{ "type": "Feature", "properties": { "cell_id": "H-00551", "area_sqm": 103923.0 }, "geometry": { "type": "Polygon", "coordinates": [ [ [ -78.612482537804553, 35.82094067253167 ], [ -78.613541886501039, 35.822522944950492 ], [ -78.61575408813836, 35.822566870868442 ], [ -78.616906854645023, 35.821028519356773 ], [ -78.615847455553421, 35.819446274472966 ], [ -78.613635340345866, 35.819402353565643 ], [ -78.612482537804553, 35.82094067253167 ] ] ] } },
{ "type": "Feature", "properties": { "cell_id": "H-00552", "area_sqm": 103923.0 }, "geometry": { "type": "Polygon", "coordinates": [ [ [ -78.611547120094329, 35.741299259651633 ], [ -78.612605483645368, 35.7428815182395 ], [ -78.614815478304251, 35.742925377330671 ], [ -78.615967023316614, 35.741386972826028 ], [ -78.614908609558242, 35.739804741686243 ], [ -78.61269870099045, 35.739760887602841 ], [ -78.611547120094329, 35.741299259651633 ] ] ] } },
{ "type": "Feature", "properties": { "cell_id": "H-00553", "area_sqm": 103923.0 }, "geometry": { "type": "Polygon", "coordinates": [ [ [ -78.61145385253532, 35.744419886865991 ], [ -78.612512251969022, 35.746002147042994 ], [ -78.614722332732214, 35.746046011142305 ], [ -78.615873927953004, 35.744507610056317 ], [ -78.614815478304251, 35.742925377330671 ], [ -78.612605483645368, 35.7428815182395 ], [ -78.61145385253532, 35.744419886865991 ] ] ] } },
{ "type": "Feature", "properties": { "cell_id": "H-00554", "area_sqm": 103923.0 }, "geometry": { "type": "Polygon", "coordinates": [ [ [ -78.611360570637316, 35.747540512246957 ], [ -78.612419005959183, 35.749122774013209 ], [ -78.614629172839898, 35.749166643121072 ], [ -78.615780818276832, 35.747628245453967 ], [ -78.614722332732214, 35.746046011142305 ], [ -78.612512251969022, 35.746002147042994 ], [ -78.611360570637316, 35.747540512246957 ] ] ] } },
{ "type": "Feature", "properties": { "cell_id": "H-00555", "area_sqm": 103923.0 }, "geometry": { "type": "Polygon", "coordinates": [ [ [ -78.611267274398116, 35.750661135794417 ], [ -78.612325745613632, 35.752243399150089 ], [ -78.614535998625087, 35.752287273266852 ], [ -78.615687694285896, 35.750748879018886 ], [ -78.614629172839898, 35.749166643121072 ], [ -78.612419005959183, 35.749122774013209 ], [ -78.611267274398116, 35.750661135794417 ] ] ] } },
{ "type": "Feature", "properties": { "cell_id": "H-00556", "area_sqm": 103923.0 }, "geometry": { "type": "Polygon", "coordinates": [ [ [ -78.611173963815489, 35.753781757508278 ], [ -78.612232470930138, 35.755364022453485 ], [ -78.614442810085549, 35.755407901579566 ], [ -78.61559455597795, 35.753869510750967 ], [ -78.614535998625087, 35.752287273266852 ], [ -78.612325745613632, 35.752243399150089 ], [ -78.611173963815489, 35.753781757508278 ] ] ] } },
{ "type": "Feature", "properties": { "cell_id": "H-00557", "area_sqm": 103923.0 }, "geometry": { "type": "Polygon", "coordinates": [ [ [ -78.611080638887188, 35.756902377388435 ], [ -78.612139181906485, 35.758484643923332 ], [ -78.614349607219083, 35.758528528059102 ], [ -78.615501403350791, 35.75699014065011 ], [ -78.614442810085549, 35.755407901579566 ], [ -78.612232470930138, 35.755364022453485 ], [ -78.611080638887188, 35.756902377388435 ] ] ] } },
{ "type": "Feature", "properties": { "cell_id": "H-00558", "area_sqm": 103923.0 }, "geometry": { "type": "Polygon", "coordinates": [ [ [ -78.610987299611011, 35.760022995434781 ], [ -78.612045878540457, 35.761605263559517 ], [ -78.614256390023442, 35.76164915270536 ], [ -78.615408236402175, 35.760110768716231 ], [ -78.614349607219083, 35.758528528059102 ], [ -78.612139181906485, 35.758484643923332 ], [ -78.610987299611011, 35.760022995434781 ] ] ] } },
{ "type": "Feature", "properties": { "cell_id": "H-00559", "area_sqm": 103923.0 }, "geometry": { "type": "Polygon", "coordinates": [ [ [ -78.610893945984714, 35.763143611647237 ], [ -78.611952560829806, 35.764725881361947 ], [ -78.614163158496424, 35.764769775518246 ], [ -78.615315055129912, 35.763231394949223 ], [ -78.614256390023442, 35.76164915270536 ], [ -78.612045878540457, 35.761605263559517 ], [ -78.610893945984714, 35.763143611647237 ] ] ] } },
{ "type": "Feature", "properties": { "cell_id": "H-00560", "area_sqm": 103923.0 }, "geometry": { "type": "Polygon", "coordinates": [ [ [ -78.610800578006078, 35.76626422602569 ], [ -78.611859228772317, 35.767846497330524 ], [ -78.614069912635784, 35.76789039649767 ], [ -78.615221859531758, 35.766352019348972 ], [ -78.614163158496424, 35.764769775518246 ], [ -78.611952560829806, 35.764725881361947 ], [ -78.610800578006078, 35.76626422602569 ] ] ] } },
{ "type": "Feature", "properties": { "cell_id": "H-00561", "area_sqm": 103923.0 }, "geometry": { "type": "Polygon", "coordinates": [ [ [ -78.610707195672887, 35.769384838570048 ], [ -78.611765882365773, 35.770967111465147 ], [ -78.613976652439305, 35.771011015643516 ], [ -78.615128649605481, 35.769472641915399 ], [ -78.614069912635784, 35.76789039649767 ], [ -78.611859228772317, 35.767846497330524 ], [ -78.610707195672887, 35.769384838570048 ] ] ] } },
{ "type": "Feature", "properties": { "cell_id": "H-00562", "area_sqm": 103923.0 }, "geometry": { "type": "Polygon", "coordinates": [ [ [ -78.610613798982897, 35.772505449280217 ], [ -78.611672521607915, 35.774087723765717 ], [ -78.61388337790477, 35.774131632955708 ], [ -78.615035425348879, 35.772593262648414 ], [ -78.613976652439305, 35.771011015643516 ], [ -78.611765882365773, 35.770967111465147 ], [ -78.610613798982897, 35.772505449280217 ] ] ] } },
{ "type": "Feature", "properties": { "cell_id": "H-00563", "area_sqm": 103923.0 }, "geometry": { "type": "Polygon", "coordinates": [ [ [ -78.610520387933889, 35.775626058156092 ], [ -78.611579146496553, 35.777208334232149 ], [ -78.613790089029948, 35.777252248434124 ], [ -78.61494218675972, 35.775713881547887 ], [ -78.61388337790477, 35.774131632955708 ], [ -78.611672521607915, 35.774087723765717 ], [ -78.610520387933889, 35.775626058156092 ] ] ] } },
{ "type": "Feature", "properties": { "cell_id": "H-00564", "area_sqm": 103923.0 }, "geometry": { "type": "Polygon", "coordinates": [ [ [ -78.610426962523618, 35.778746665197581 ], [ -78.611485757029428, 35.78032894286433 ], [ -78.613696785812621, 35.780372862078686 ], [ -78.614848933835773, 35.778834498613747 ], [ -78.613790089029948, 35.777252248434124 ], [ -78.611579146496553, 35.777208334232149 ], [ -78.610426962523618, 35.778746665197581 ] ] ] } },
{ "type": "Feature", "properties": { "cell_id": "H-00565", "area_sqm": 103923.0 }, "geometry": { "type": "Polygon", "coordinates": [ [ [ -78.610333522749869, 35.781867270404561 ], [ -78.611392353204337, 35.783449549662151 ], [ -78.613603468250531, 35.783493473889273 ], [ -78.614755666574823, 35.781955113845882 ], [ -78.613696785812621, 35.780372862078686 ], [ -78.611485757029428, 35.78032894286433 ], [ -78.610333522749869, 35.781867270404561 ] ] ] } },
{ "type": "Feature", "properties": { "cell_id": "H-00566", "area_sqm": 103923.0 }, "geometry": { "type": "Polygon", "coordinates": [ [ [ -78.610240068610423, 35.78498787377697 ], [ -78.61129893501905, 35.786570154625537 ], [ -78.613510136341475, 35.786614083865807 ], [ -78.614662384974636, 35.785075727244205 ], [ -78.613603468250531, 35.783493473889273 ], [ -78.611392353204337, 35.783449549662151 ], [ -78.610240068610423, 35.78498787377697 ] ] ] } },
{ "type": "Feature", "properties": { "cell_id": "H-00567", "area_sqm": 103923.0 }, "geometry": { "type": "Polygon", "coordinates": [ [ [ -78.610146600103022, 35.788108475314687 ], [ -78.611205502471307, 35.789690757754379 ], [ -78.613416790083249, 35.789734692008189 ], [ -78.614569089032983, 35.788196338808611 ], [ -78.613510136341475, 35.786614083865807 ], [ -78.61129893501905, 35.786570154625537 ], [ -78.610146600103022, 35.788108475314687 ] ] ] } },
{ "type": "Feature", "properties": { "cell_id": "H-00568", "area_sqm": 103923.0 }, "geometry": { "type": "Polygon", "coordinates": [ [ [ -78.610053117225462, 35.791229075017625 ], [ -78.611112055558905, 35.792811359048571 ], [ -78.613323429473581, 35.792855298316312 ], [ -78.614475778747646, 35.791316948539006 ], [ -78.613416790083249, 35.789734692008189 ], [ -78.611205502471307, 35.789690757754379 ], [ -78.610053117225462, 35.791229075017625 ] ] ] } },
{ "type": "Feature", "properties": { "cell_id": "H-00569", "area_sqm": 103923.0 }, "geometry": { "type": "Polygon", "coordinates": [ [ [ -78.609959619975484, 35.794349672885673 ], [ -78.611018594279614, 35.795931958508049 ], [ -78.613230054510268, 35.795975902790083 ], [ -78.614382454116381, 35.794437556435284 ], [ -78.613323429473581, 35.792855298316312 ], [ -78.611112055558905, 35.792811359048571 ], [ -78.609959619975484, 35.794349672885673 ] ] ] } },
{ "type": "Feature", "properties": { "cell_id": "H-00570", "area_sqm": 103923.0 }, "geometry": { "type": "Polygon", "coordinates": [ [ [ -78.609866108350872, 35.797470268918744 ], [ -78.610925118631187, 35.799052556132665 ], [ -78.613136665191064, 35.799096505429397 ], [ -78.614289115136998, 35.797558162497346 ], [ -78.613230054510268, 35.795975902790083 ], [ -78.611018594279614, 35.795931958508049 ], [ -78.609866108350872, 35.797470268918744 ] ] ] } },
{ "type": "Feature", "properties": { "cell_id": "H-00571", "area_sqm": 103923.0 }, "geometry": { "type": "Polygon", "coordinates": [ [ [ -78.609772582349393, 35.800590863116732 ], [ -78.610831628611393, 35.802173151922354 ], [ -78.613043261513752, 35.802217106234174 ], [ -78.61419576180721, 35.800678766725099 ], [ -78.613136665191064, 35.799096505429397 ], [ -78.610925118631187, 35.799052556132665 ], [ -78.609772582349393, 35.800590863116732 ] ] ] } },
{ "type": "Feature", "properties": { "cell_id": "H-00572", "area_sqm": 103923.0 }, "geometry": { "type": "Polygon", "coordinates": [ [ [ -78.609679041968818, 35.803711455479537 ], [ -78.610738124218003, 35.805293745877009 ], [ -78.612949843476088, 35.80533770520428 ], [ -78.614102394124842, 35.803799369118458 ], [ -78.613043261513752, 35.802217106234174 ], [ -78.610831628611393, 35.802173151922354 ], [ -78.609679041968818, 35.803711455479537 ] ] ] } },
{ "type": "Feature", "properties": { "cell_id": "H-00573", "area_sqm": 103923.0 }, "geometry": { "type": "Polygon", "coordinates": [ [ [ -78.6095854872069, 35.806832046007074 ], [ -78.610644605448798, 35.808414337996524 ], [ -78.612856411075853, 35.808458302339645 ], [ -78.614009012087649, 35.806919969677303 ], [ -78.612949843476088, 35.80533770520428 ], [ -78.610738124218003, 35.805293745877009 ], [ -78.6095854872069, 35.806832046007074 ] ] ] } },
{ "type": "Feature", "properties": { "cell_id": "H-00574", "area_sqm": 103923.0 }, "geometry": { "type": "Polygon", "coordinates": [ [ [ -78.609491918061408, 35.809952634699229 ], [ -78.610551072301519, 35.811534928280814 ], [ -78.612762964310818, 35.811578897640167 ], [ -78.613915615693372, 35.81004056840154 ], [ -78.612856411075853, 35.808458302339645 ], [ -78.610644605448798, 35.808414337996524 ], [ -78.609491918061408, 35.809952634699229 ] ] ] } },
{ "type": "Feature", "properties": { "cell_id": "H-00575", "area_sqm": 103923.0 }, "geometry": { "type": "Polygon", "coordinates": [ [ [ -78.609398334530113, 35.813073221555925 ], [ -78.610457524773949, 35.814655516729772 ], [ -78.612669503178751, 35.814699491105735 ], [ -78.613822204939794, 35.813161165291078 ], [ -78.612762964310818, 35.811578897640167 ], [ -78.610551072301519, 35.811534928280814 ], [ -78.609398334530113, 35.813073221555925 ] ] ] } },
{ "type": "Feature", "properties": { "cell_id": "H-00576", "area_sqm": 103923.0 }, "geometry": { "type": "Polygon", "coordinates": [ [ [ -78.609304736610781, 35.816193806577026 ], [ -78.610363962863858, 35.817776103343306 ], [ -78.612576027677406, 35.817820082736276 ], [ -78.613728779824712, 35.816281760345817 ], [ -78.612669503178751, 35.814699491105735 ], [ -78.610457524773949, 35.814655516729772 ], [ -78.609304736610781, 35.816193806577026 ] ] ] } },
{ "type": "Feature", "properties": { "cell_id": "H-00577", "area_sqm": 103923.0 }, "geometry": { "type": "Polygon", "coordinates": [ [ [ -78.609211124301154, 35.819314389762475 ], [ -78.610270386568985, 35.820896688121309 ], [ -78.612482537804553, 35.82094067253167 ], [ -78.613635340345866, 35.819402353565643 ], [ -78.612576027677406, 35.817820082736276 ], [ -78.610363962863858, 35.817776103343306 ], [ -78.609211124301154, 35.819314389762475 ] ] ] } },
{ "type": "Feature", "properties": { "cell_id": "H-00578", "area_sqm": 103923.0 }, "geometry": { "type": "Polygon", "coordinates": [ [ [ -78.608278898188303, 35.739673057802868 ], [ -78.609337175649358, 35.741255342244308 ], [ -78.611547120094329, 35.741299259651633 ], [ -78.61269870099045, 35.739760887602841 ], [ -78.611640373316575, 35.738178630603954 ], [ -78.609430514954994, 35.738134718211136 ], [ -78.608278898188303, 35.739673057802868 ] ] ] } },
{ "type": "Feature", "properties": { "cell_id": "H-00579", "area_sqm": 103923.0 }, "geometry": { "type": "Polygon", "coordinates": [ [ [ -78.608185508663254, 35.742793678410116 ], [ -78.609243821993772, 35.744375964443769 ], [ -78.61145385253532, 35.744419886865991 ], [ -78.612605483645368, 35.7428815182395 ], [ -78.611547120094329, 35.741299259651633 ], [ -78.609337175649358, 35.741255342244308 ], [ -78.608185508663254, 35.742793678410116 ] ] ] } },
{ "type": "Feature", "properties": { "cell_id": "H-00580", "area_sqm": 103923.0 }, "geometry": { "type": "Polygon", "coordinates": [ [ [ -78.608092104780511, 35.745914297183432 ], [ -78.609150453985976, 35.747496584809454 ], [ -78.611360570637316, 35.747540512246957 ], [ -78.612512251969022, 35.746002147042994 ], [ -78.61145385253532, 35.744419886865991 ], [ -78.609243821993772, 35.744375964443769 ], [ -78.608092104780511, 35.745914297183432 ] ] ] } },
{ "type": "Feature", "properties": { "cell_id": "H-00581", "area_sqm": 103923.0 }, "geometry": { "type": "Polygon", "coordinates": [ [ [ -78.607998686537854, 35.749034914122703 ], [ -78.609057071623752, 35.75061720334125 ], [ -78.611267274398116, 35.750661135794417 ], [ -78.612419005959183, 35.749122774013209 ], [ -78.611360570637316, 35.747540512246957 ], [ -78.609150453985976, 35.747496584809454 ], [ -78.607998686537854, 35.749034914122703 ] ] ] } },
{ "type": "Feature", "properties": { "cell_id": "H-00582", "area_sqm": 103923.0 }, "geometry": { "type": "Polygon", "coordinates": [ [ [ -78.607905253933055, 35.752155529227856 ], [ -78.608963674904885, 35.753737820039056 ], [ -78.611173963815489, 35.753781757508278 ], [ -78.612325745613632, 35.752243399150089 ], [ -78.611267274398116, 35.750661135794417 ], [ -78.609057071623752, 35.75061720334125 ], [ -78.607905253933055, 35.752155529227856 ] ] ] } },
{ "type": "Feature", "properties": { "cell_id": "H-00583", "area_sqm": 103923.0 }, "geometry": { "type": "Polygon", "coordinates": [ [ [ -78.60781180696388, 35.755276142498772 ], [ -78.608870263827114, 35.756858434902767 ], [ -78.611080638887188, 35.756902377388435 ], [ -78.612232470930138, 35.755364022453485 ], [ -78.611173963815489, 35.753781757508278 ], [ -78.608963674904885, 35.753737820039056 ], [ -78.60781180696388, 35.755276142498772 ] ] ] } },
{ "type": "Feature", "properties": { "cell_id": "H-00584", "area_sqm": 103923.0 }, "geometry": { "type": "Polygon", "coordinates": [ [ [ -78.607718345628101, 35.758396753935365 ], [ -78.608776838388266, 35.759979047932305 ], [ -78.610987299611011, 35.760022995434781 ], [ -78.612139181906485, 35.758484643923332 ], [ -78.611080638887188, 35.756902377388435 ], [ -78.608870263827114, 35.756858434902767 ], [ -78.607718345628101, 35.758396753935365 ] ] ] } },
{ "type": "Feature", "properties": { "cell_id": "H-00585", "area_sqm": 103923.0 }, "geometry": { "type": "Polygon", "coordinates": [ [ [ -78.607624869923484, 35.761517363537521 ], [ -78.608683398586081, 35.763099659127562 ], [ -78.610893945984714, 35.763143611647237 ], [ -78.612045878540457, 35.761605263559517 ], [ -78.610987299611011, 35.760022995434781 ], [ -78.608776838388266, 35.759979047932305 ], [ -78.607624869923484, 35.761517363537521 ] ] ] } },
{ "type": "Feature", "properties": { "cell_id": "H-00586", "area_sqm": 103923.0 }, "geometry": { "type": "Polygon", "coordinates": [ [ [ -78.607531379847828, 35.764637971305149 ], [ -78.608589944418327, 35.766220268488418 ], [ -78.610800578006078, 35.76626422602569 ], [ -78.611952560829806, 35.764725881361947 ], [ -78.610893945984714, 35.763143611647237 ], [ -78.608683398586081, 35.763099659127562 ], [ -78.607531379847828, 35.764637971305149 ] ] ] } },
{ "type": "Feature", "properties": { "cell_id": "H-00587", "area_sqm": 103923.0 }, "geometry": { "type": "Polygon", "coordinates": [ [ [ -78.607437875398858, 35.767758577238176 ], [ -78.608496475882774, 35.769340876014795 ], [ -78.610707195672887, 35.769384838570048 ], [ -78.611859228772317, 35.767846497330524 ], [ -78.610800578006078, 35.76626422602569 ], [ -78.608589944418327, 35.766220268488418 ], [ -78.607437875398858, 35.767758577238176 ] ] ] } },
{ "type": "Feature", "properties": { "cell_id": "H-00588", "area_sqm": 103923.0 }, "geometry": { "type": "Polygon", "coordinates": [ [ [ -78.607344356574373, 35.770879181336454 ], [ -78.608402992977219, 35.7724614817066 ], [ -78.610613798982897, 35.772505449280217 ], [ -78.611765882365773, 35.770967111465147 ], [ -78.610707195672887, 35.769384838570048 ], [ -78.608496475882774, 35.769340876014795 ], [ -78.607344356574373, 35.770879181336454 ] ] ] } },
{ "type": "Feature", "properties": { "cell_id": "H-00589", "area_sqm": 103923.0 }, "geometry": { "type": "Polygon", "coordinates": [ [ [ -78.607250823372155, 35.773999783599919 ], [ -78.608309495699388, 35.775582085563741 ], [ -78.610520387933889, 35.775626058156092 ], [ -78.611672521607915, 35.774087723765717 ], [ -78.610613798982897, 35.772505449280217 ], [ -78.608402992977219, 35.7724614817066 ], [ -78.607250823372155, 35.773999783599919 ] ] ] } },
{ "type": "Feature", "properties": { "cell_id": "H-00590", "area_sqm": 103923.0 }, "geometry": { "type": "Polygon", "coordinates": [ [ [ -78.607157275789916, 35.777120384028464 ], [ -78.608215984047078, 35.778702687586083 ], [ -78.610426962523618, 35.778746665197581 ], [ -78.611579146496553, 35.777208334232149 ], [ -78.610520387933889, 35.775626058156092 ], [ -78.608309495699388, 35.775582085563741 ], [ -78.607157275789916, 35.777120384028464 ] ] ] } },
{ "type": "Feature", "properties": { "cell_id": "H-00591", "area_sqm": 103923.0 }, "geometry": { "type": "Polygon", "coordinates": [ [ [ -78.607063713825482, 35.780240982622004 ], [ -78.608122458018059, 35.781823287773562 ], [ -78.610333522749869, 35.781867270404561 ], [ -78.611485757029428, 35.78032894286433 ], [ -78.610426962523618, 35.778746665197581 ], [ -78.608215984047078, 35.778702687586083 ], [ -78.607063713825482, 35.780240982622004 ] ] ] } },
{ "type": "Feature", "properties": { "cell_id": "H-00592", "area_sqm": 103923.0 }, "geometry": { "type": "Polygon", "coordinates": [ [ [ -78.606970137476594, 35.783361579380411 ], [ -78.608028917610085, 35.784943886126065 ], [ -78.610240068610423, 35.78498787377697 ], [ -78.611392353204337, 35.783449549662151 ], [ -78.610333522749869, 35.781867270404561 ], [ -78.608122458018059, 35.781823287773562 ], [ -78.606970137476594, 35.783361579380411 ] ] ] } },
{ "type": "Feature", "properties": { "cell_id": "H-00593", "area_sqm": 103923.0 }, "geometry": { "type": "Polygon", "coordinates": [ [ [ -78.60687654674102, 35.786482174303607 ], [ -78.607935362820939, 35.788064482643485 ], [ -78.610146600103022, 35.788108475314687 ], [ -78.61129893501905, 35.786570154625537 ], [ -78.610240068610423, 35.78498787377697 ], [ -78.608028917610085, 35.784943886126065 ], [ -78.60687654674102, 35.786482174303607 ] ] ] } },
{ "type": "Feature", "properties": { "cell_id": "H-00594", "area_sqm": 103923.0 }, "geometry": { "type": "Polygon", "coordinates": [ [ [ -78.60678294161653, 35.789602767391486 ], [ -78.607841793648362, 35.791185077325764 ], [ -78.610053117225462, 35.791229075017625 ], [ -78.611205502471307, 35.789690757754379 ], [ -78.610146600103022, 35.788108475314687 ], [ -78.607935362820939, 35.788064482643485 ], [ -78.60678294161653, 35.789602767391486 ] ] ] } },
{ "type": "Feature", "properties": { "cell_id": "H-00595", "area_sqm": 103923.0 }, "geometry": { "type": "Polygon", "coordinates": [ [ [ -78.606689322100891, 35.792723358643947 ], [ -78.607748210090151, 35.794305670172747 ], [ -78.609959619975484, 35.794349672885673 ], [ -78.611112055558905, 35.792811359048571 ], [ -78.610053117225462, 35.791229075017625 ], [ -78.607841793648362, 35.791185077325764 ], [ -78.606689322100891, 35.792723358643947 ] ] ] } },
{ "type": "Feature", "properties": { "cell_id": "H-00596", "area_sqm": 103923.0 }, "geometry": { "type": "Polygon", "coordinates": [ [ [ -78.606595688191845, 35.795843948060913 ], [ -78.607654612144046, 35.797426261184363 ], [ -78.609866108350872, 35.797470268918744 ], [ -78.611018594279614, 35.795931958508049 ], [ -78.609959619975484, 35.794349672885673 ], [ -78.607748210090151, 35.794305670172747 ], [ -78.606595688191845, 35.795843948060913 ] ] ] } },
{ "type": "Feature", "properties": { "cell_id": "H-00597", "area_sqm": 103923.0 }, "geometry": { "type": "Polygon", "coordinates": [ [ [ -78.606502039887204, 35.798964535642256 ], [ -78.607560999807845, 35.800546850360526 ], [ -78.609772582349393, 35.800590863116732 ], [ -78.610925118631187, 35.799052556132665 ], [ -78.609866108350872, 35.797470268918744 ], [ -78.607654612144046, 35.797426261184363 ], [ -78.606502039887204, 35.798964535642256 ] ] ] } },
{ "type": "Feature", "properties": { "cell_id": "H-00598", "area_sqm": 103923.0 }, "geometry": { "type": "Polygon", "coordinates": [ [ [ -78.606408377184692, 35.802085121387897 ], [ -78.60746737307926, 35.803667437701122 ], [ -78.609679041968818, 35.803711455479537 ], [ -78.610831628611393, 35.802173151922354 ], [ -78.609772582349393, 35.800590863116732 ], [ -78.607560999807845, 35.800546850360526 ], [ -78.606408377184692, 35.802085121387897 ] ] ] } },
{ "type": "Feature", "properties": { "cell_id": "H-00599", "area_sqm": 103923.0 }, "geometry": { "type": "Polygon", "coordinates": [ [ [ -78.606314700082081, 35.805205705297737 ], [ -78.607373731956116, 35.806788023206053 ], [ -78.6095854872069, 35.806832046007074 ], [ -78.610738124218003, 35.805293745877009 ], [ -78.609679041968818, 35.803711455479537 ], [ -78.60746737307926, 35.803667437701122 ], [ -78.606314700082081, 35.805205705297737 ] ] ] } },
{ "type": "Feature", "properties": { "cell_id": "H-00600", "area_sqm": 103923.0 }, "geometry": { "type": "Polygon", "coordinates": [ [ [ -78.606221008577137, 35.808326287371663 ], [ -78.607280076436126, 35.809908606875219 ], [ -78.609491918061408, 35.809952634699229 ], [ -78.610644605448798, 35.808414337996524 ], [ -78.6095854872069, 35.806832046007074 ], [ -78.607373731956116, 35.806788023206053 ], [ -78.606221008577137, 35.808326287371663 ] ] ] } },
{ "type": "Feature", "properties": { "cell_id": "H-00601", "area_sqm": 103923.0 }, "geometry": { "type": "Polygon", "coordinates": [ [ [ -78.60612730266763, 35.811446867609583 ], [ -78.607186406517087, 35.813029188708533 ], [ -78.609398334530113, 35.813073221555925 ], [ -78.610551072301519, 35.811534928280814 ], [ -78.609491918061408, 35.809952634699229 ], [ -78.607280076436126, 35.809908606875219 ], [ -78.60612730266763, 35.811446867609583 ] ] ] } },
{ "type": "Feature", "properties": { "cell_id": "H-00602", "area_sqm": 103923.0 }, "geometry": { "type": "Polygon", "coordinates": [ [ [ -78.606033582351301, 35.814567446011409 ], [ -78.607092722196739, 35.816149768705891 ], [ -78.609304736610781, 35.816193806577026 ], [ -78.610457524773949, 35.814655516729772 ], [ -78.609398334530113, 35.813073221555925 ], [ -78.607186406517087, 35.813029188708533 ], [ -78.606033582351301, 35.814567446011409 ] ] ] } },
{ "type": "Feature", "properties": { "cell_id": "H-00603", "area_sqm": 103923.0 }, "geometry": { "type": "Polygon", "coordinates": [ [ [ -78.605939847625933, 35.81768802257703 ], [ -78.606999023472866, 35.819270346867185 ], [ -78.609211124301154, 35.819314389762475 ], [ -78.610363962863858, 35.817776103343306 ], [ -78.609304736610781, 35.816193806577026 ], [ -78.607092722196739, 35.816149768705891 ], [ -78.605939847625933, 35.81768802257703 ] ] ] } },
{ "type": "Feature", "properties": { "cell_id": "H-00604", "area_sqm": 103923.0 }, "geometry": { "type": "Polygon", "coordinates": [ [ [ -78.605846098489266, 35.820808597306353 ], [ -78.606905310343208, 35.82239092319233 ], [ -78.60911749759903, 35.822434971112159 ], [ -78.610270386568985, 35.820896688121309 ], [ -78.609211124301154, 35.819314389762475 ], [ -78.606999023472866, 35.819270346867185 ], [ -78.605846098489266, 35.820808597306353 ] ] ] } },
{ "type": "Feature", "properties": { "cell_id": "H-00605", "area_sqm": 103923.0 }, "geometry": { "type": "Polygon", "coordinates": [ [ [ -78.604917301113815, 35.741167385790817 ], [ -78.605975528348836, 35.742749697672465 ], [ -78.608185508663254, 35.742793678410116 ], [ -78.609337175649358, 35.741255342244308 ], [ -78.608278898188303, 35.739673057802868 ], [ -78.606069003962759, 35.739629082086857 ], [ -78.604917301113815, 35.741167385790817 ] ] ] } },
{ "type": "Feature", "properties": { "cell_id": "H-00606", "area_sqm": 103923.0 }, "geometry": { "type": "Polygon", "coordinates": [ [ [ -78.604823775267263, 35.744287997946614 ], [ -78.605882038364015, 35.745870311423758 ], [ -78.608092104780511, 35.745914297183432 ], [ -78.609243821993772, 35.744375964443769 ], [ -78.608185508663254, 35.742793678410116 ], [ -78.605975528348836, 35.742749697672465 ], [ -78.604823775267263, 35.744287997946614 ] ] ] } },
{ "type": "Feature", "properties": { "cell_id": "H-00607", "area_sqm": 103923.0 }, "geometry": { "type": "Polygon", "coordinates": [ [ [ -78.604730235042084, 35.747408608267854 ], [ -78.605788534006066, 35.748990923340614 ], [ -78.607998686537854, 35.749034914122703 ], [ -78.609150453985976, 35.747496584809454 ], [ -78.608092104780511, 35.745914297183432 ], [ -78.605882038364015, 35.745870311423758 ], [ -78.604730235042084, 35.747408608267854 ] ] ] } },
{ "type": "Feature", "properties": { "cell_id": "H-00608", "area_sqm": 103923.0 }, "geometry": { "type": "Polygon", "coordinates": [ [ [ -78.604636680436059, 35.750529216754451 ], [ -78.605695015272758, 35.752111533422976 ], [ -78.607905253933055, 35.752155529227856 ], [ -78.609057071623752, 35.75061720334125 ], [ -78.607998686537854, 35.749034914122703 ], [ -78.605788534006066, 35.748990923340614 ], [ -78.604636680436059, 35.750529216754451 ] ] ] } },
{ "type": "Feature", "properties": { "cell_id": "H-00609", "area_sqm": 103923.0 }, "geometry": { "type": "Polygon", "coordinates": [ [ [ -78.604543111446944, 35.753649823406271 ], [ -78.605601482161845, 35.755232141670703 ], [ -78.60781180696388, 35.755276142498772 ], [ -78.608963674904885, 35.753737820039056 ], [ -78.607905253933055, 35.752155529227856 ], [ -78.605695015272758, 35.752111533422976 ], [ -78.604543111446944, 35.753649823406271 ] ] ] } },
{ "type": "Feature", "properties": { "cell_id": "H-00610", "area_sqm": 103923.0 }, "geometry": { "type": "Polygon", "coordinates": [ [ [ -78.604449528072507, 35.756770428223227 ], [ -78.605507934671124, 35.75835274808373 ], [ -78.607718345628101, 35.758396753935365 ], [ -78.608870263827114, 35.756858434902767 ], [ -78.60781180696388, 35.755276142498772 ], [ -78.605601482161845, 35.755232141670703 ], [ -78.604449528072507, 35.756770428223227 ] ] ] } },
{ "type": "Feature", "properties": { "cell_id": "H-00611", "area_sqm": 103923.0 }, "geometry": { "type": "Polygon", "coordinates": [ [ [ -78.604355930310547, 35.75989103120525 ], [ -78.605414372798336, 35.76147335266193 ], [ -78.607624869923484, 35.761517363537521 ], [ -78.608776838388266, 35.759979047932305 ], [ -78.607718345628101, 35.758396753935365 ], [ -78.605507934671124, 35.75835274808373 ], [ -78.604355930310547, 35.75989103120525 ] ] ] } },
{ "type": "Feature", "properties": { "cell_id": "H-00612", "area_sqm": 103923.0 }, "geometry": { "type": "Polygon", "coordinates": [ [ [ -78.604262318158774, 35.76301163235221 ], [ -78.605320796541278, 35.764593955405225 ], [ -78.607531379847828, 35.764637971305149 ], [ -78.608683398586081, 35.763099659127562 ], [ -78.607624869923484, 35.761517363537521 ], [ -78.605414372798336, 35.76147335266193 ], [ -78.604262318158774, 35.76301163235221 ] ] ] } },
{ "type": "Feature", "properties": { "cell_id": "H-00613", "area_sqm": 103923.0 }, "geometry": { "type": "Polygon", "coordinates": [ [ [ -78.604168691615016, 35.76613223166401 ], [ -78.605227205897691, 35.767714556313521 ], [ -78.607437875398858, 35.767758577238176 ], [ -78.608589944418327, 35.766220268488418 ], [ -78.607531379847828, 35.764637971305149 ], [ -78.605320796541278, 35.764593955405225 ], [ -78.604168691615016, 35.76613223166401 ] ] ] } },
{ "type": "Feature", "properties": { "cell_id": "H-00614", "area_sqm": 103923.0 }, "geometry": { "type": "Polygon", "coordinates": [ [ [ -78.604075050676997, 35.769252829140555 ], [ -78.605133600865372, 35.770835155386692 ], [ -78.607344356574373, 35.770879181336454 ], [ -78.608496475882774, 35.769340876014795 ], [ -78.607437875398858, 35.767758577238176 ], [ -78.605227205897691, 35.767714556313521 ], [ -78.604075050676997, 35.769252829140555 ] ] ] } },
{ "type": "Feature", "properties": { "cell_id": "H-00615", "area_sqm": 103923.0 }, "geometry": { "type": "Polygon", "coordinates": [ [ [ -78.603981395342501, 35.772373424781762 ], [ -78.605039981442047, 35.773955752624659 ], [ -78.607250823372155, 35.773999783599919 ], [ -78.608402992977219, 35.7724614817066 ], [ -78.607344356574373, 35.770879181336454 ], [ -78.605133600865372, 35.770835155386692 ], [ -78.603981395342501, 35.772373424781762 ] ] ] } },
{ "type": "Feature", "properties": { "cell_id": "H-00616", "area_sqm": 103923.0 }, "geometry": { "type": "Polygon", "coordinates": [ [ [ -78.603887725609283, 35.775494018587523 ], [ -78.604946347625514, 35.777076348027336 ], [ -78.607157275789916, 35.777120384028464 ], [ -78.608309495699388, 35.775582085563741 ], [ -78.607250823372155, 35.773999783599919 ], [ -78.605039981442047, 35.773955752624659 ], [ -78.603887725609283, 35.775494018587523 ] ] ] } },
{ "type": "Feature", "properties": { "cell_id": "H-00617", "area_sqm": 103923.0 }, "geometry": { "type": "Polygon", "coordinates": [ [ [ -78.603794041475112, 35.778614610557717 ], [ -78.604852699413527, 35.780196941594603 ], [ -78.607063713825482, 35.780240982622004 ], [ -78.608215984047078, 35.778702687586083 ], [ -78.607157275789916, 35.777120384028464 ], [ -78.604946347625514, 35.777076348027336 ], [ -78.603794041475112, 35.778614610557717 ] ] ] } },
{ "type": "Feature", "properties": { "cell_id": "H-00618", "area_sqm": 103923.0 }, "geometry": { "type": "Polygon", "coordinates": [ [ [ -78.603700342937771, 35.781735200692268 ], [ -78.604759036803856, 35.783317533326347 ], [ -78.606970137476594, 35.783361579380411 ], [ -78.608122458018059, 35.781823287773562 ], [ -78.607063713825482, 35.780240982622004 ], [ -78.604852699413527, 35.780196941594603 ], [ -78.603700342937771, 35.781735200692268 ] ] ] } },
{ "type": "Feature", "properties": { "cell_id": "H-00619", "area_sqm": 103923.0 }, "geometry": { "type": "Polygon", "coordinates": [ [ [ -78.603606629994985, 35.784855788991088 ], [ -78.604665359794268, 35.786438123222503 ], [ -78.60687654674102, 35.786482174303607 ], [ -78.608028917610085, 35.784943886126065 ], [ -78.606970137476594, 35.783361579380411 ], [ -78.604759036803856, 35.783317533326347 ], [ -78.603606629994985, 35.784855788991088 ] ] ] } },
{ "type": "Feature", "properties": { "cell_id": "H-00620", "area_sqm": 103923.0 }, "geometry": { "type": "Polygon", "coordinates": [ [ [ -78.603512902644567, 35.787976375454051 ], [ -78.604571668382505, 35.789558711282965 ], [ -78.60678294161653, 35.789602767391486 ], [ -78.607935362820939, 35.788064482643485 ], [ -78.60687654674102, 35.786482174303607 ], [ -78.604665359794268, 35.786438123222503 ], [ -78.603512902644567, 35.787976375454051 ] ] ] } },
{ "type": "Feature", "properties": { "cell_id": "H-00621", "area_sqm": 103923.0 }, "geometry": { "type": "Polygon", "coordinates": [ [ [ -78.603419160884229, 35.791096960081077 ], [ -78.604477962566364, 35.792679297507625 ], [ -78.606689322100891, 35.792723358643947 ], [ -78.607841793648362, 35.791185077325764 ], [ -78.60678294161653, 35.789602767391486 ], [ -78.604571668382505, 35.789558711282965 ], [ -78.603419160884229, 35.791096960081077 ] ] ] } },
{ "type": "Feature", "properties": { "cell_id": "H-00622", "area_sqm": 103923.0 }, "geometry": { "type": "Polygon", "coordinates": [ [ [ -78.603325404711754, 35.794217542872062 ], [ -78.604384242343585, 35.795799881896379 ], [ -78.606595688191845, 35.795843948060913 ], [ -78.607748210090151, 35.794305670172747 ], [ -78.606689322100891, 35.792723358643947 ], [ -78.604477962566364, 35.792679297507625 ], [ -78.603325404711754, 35.794217542872062 ] ] ] } },
{ "type": "Feature", "properties": { "cell_id": "H-00623", "area_sqm": 103923.0 }, "geometry": { "type": "Polygon", "coordinates": [ [ [ -78.603231634124924, 35.797338123826904 ], [ -78.604290507711937, 35.798920464449147 ], [ -78.606502039887204, 35.798964535642256 ], [ -78.607654612144046, 35.797426261184363 ], [ -78.606595688191845, 35.795843948060913 ], [ -78.604384242343585, 35.795799881896379 ], [ -78.603231634124924, 35.797338123826904 ] ] ] } },
{ "type": "Feature", "properties": { "cell_id": "H-00624", "area_sqm": 103923.0 }, "geometry": { "type": "Polygon", "coordinates": [ [ [ -78.603137849121467, 35.800458702945505 ], [ -78.604196758669175, 35.802041045165815 ], [ -78.606408377184692, 35.802085121387897 ], [ -78.607560999807845, 35.800546850360526 ], [ -78.606502039887204, 35.798964535642256 ], [ -78.604290507711937, 35.798920464449147 ], [ -78.603137849121467, 35.800458702945505 ] ] ] } },
{ "type": "Feature", "properties": { "cell_id": "H-00625", "area_sqm": 103923.0 }, "geometry": { "type": "Polygon", "coordinates": [ [ [ -78.603044049699164, 35.803579280227765 ], [ -78.604102995213069, 35.805161624046299 ], [ -78.606314700082081, 35.805205705297737 ], [ -78.60746737307926, 35.803667437701122 ], [ -78.606408377184692, 35.802085121387897 ], [ -78.604196758669175, 35.802041045165815 ], [ -78.603044049699164, 35.803579280227765 ] ] ] } },
{ "type": "Feature", "properties": { "cell_id": "H-00626", "area_sqm": 103923.0 }, "geometry": { "type": "Polygon", "coordinates": [ [ [ -78.602950235855772, 35.806699855673607 ], [ -78.604009217341385, 35.808282201090478 ], [ -78.606221008577137, 35.808326287371663 ], [ -78.607373731956116, 35.806788023206053 ], [ -78.606314700082081, 35.805205705297737 ], [ -78.604102995213069, 35.805161624046299 ], [ -78.602950235855772, 35.806699855673607 ] ] ] } },
{ "type": "Feature", "properties": { "cell_id": "H-00627", "area_sqm": 103923.0 }, "geometry": { "type": "Polygon", "coordinates": [ [ [ -78.602856407589044, 35.809820429282901 ], [ -78.603915425051866, 35.811402776298273 ], [ -78.60612730266763, 35.811446867609583 ], [ -78.607280076436126, 35.809908606875219 ], [ -78.606221008577137, 35.808326287371663 ], [ -78.604009217341385, 35.808282201090478 ], [ -78.602856407589044, 35.809820429282901 ] ] ] } },
{ "type": "Feature", "properties": { "cell_id": "H-00628", "area_sqm": 103923.0 }, "geometry": { "type": "Polygon", "coordinates": [ [ [ -78.602762564896736, 35.81294100105557 ], [ -78.60382161834228, 35.814523349669585 ], [ -78.606033582351301, 35.814567446011409 ], [ -78.607186406517087, 35.813029188708533 ], [ -78.60612730266763, 35.811446867609583 ], [ -78.603915425051866, 35.811402776298273 ], [ -78.602762564896736, 35.81294100105557 ] ] ] } },
{ "type": "Feature", "properties": { "cell_id": "H-00629", "area_sqm": 103923.0 }, "geometry": { "type": "Polygon", "coordinates": [ [ [ -78.602668707776616, 35.816061570991501 ], [ -78.603727797210396, 35.817643921204301 ], [ -78.605939847625933, 35.81768802257703 ], [ -78.607092722196739, 35.816149768705891 ], [ -78.606033582351301, 35.814567446011409 ], [ -78.60382161834228, 35.814523349669585 ], [ -78.602668707776616, 35.816061570991501 ] ] ] } },
{ "type": "Feature", "properties": { "cell_id": "H-00630", "area_sqm": 103923.0 }, "geometry": { "type": "Polygon", "coordinates": [ [ [ -78.602574836226452, 35.819182139090593 ], [ -78.603633961653969, 35.820764490902349 ], [ -78.605846098489266, 35.820808597306353 ], [ -78.606999023472866, 35.819270346867185 ], [ -78.605939847625933, 35.81768802257703 ], [ -78.603727797210396, 35.817643921204301 ], [ -78.602574836226452, 35.819182139090593 ] ] ] } },
{ "type": "Feature", "properties": { "cell_id": "H-00631", "area_sqm": 103923.0 }, "geometry": { "type": "Polygon", "coordinates": [ [ [ -78.601649229884742, 35.739541009024201 ], [ -78.602707371032025, 35.741123346745219 ], [ -78.604917301113815, 35.741167385790817 ], [ -78.606069003962759, 35.739629082086857 ], [ -78.605010812583956, 35.738046771800541 ], [ -78.602800968583338, 35.738002737783326 ], [ -78.601649229884742, 35.739541009024201 ] ] ] } },
{ "type": "Feature", "properties": { "cell_id": "H-00632", "area_sqm": 103923.0 }, "geometry": { "type": "Polygon", "coordinates": [ [ [ -78.601555582095315, 35.742661614552659 ], [ -78.602613759091113, 35.744243953872243 ], [ -78.604823775267263, 35.744287997946614 ], [ -78.605975528348836, 35.742749697672465 ], [ -78.604917301113815, 35.741167385790817 ], [ -78.602707371032025, 35.741123346745219 ], [ -78.601555582095315, 35.742661614552659 ] ] ] } },
{ "type": "Feature", "properties": { "cell_id": "H-00633", "area_sqm": 103923.0 }, "geometry": { "type": "Polygon", "coordinates": [ [ [ -78.601461919908559, 35.745782218246013 ], [ -78.602520132758357, 35.747364559164325 ], [ -78.604730235042084, 35.747408608267854 ], [ -78.605882038364015, 35.745870311423758 ], [ -78.604823775267263, 35.744287997946614 ], [ -78.602613759091113, 35.744243953872243 ], [ -78.601461919908559, 35.745782218246013 ] ] ] } },
{ "type": "Feature", "properties": { "cell_id": "H-00634", "area_sqm": 103923.0 }, "geometry": { "type": "Polygon", "coordinates": [ [ [ -78.601368243322256, 35.748902820104178 ], [ -78.602426492031555, 35.750485162621381 ], [ -78.604636680436059, 35.750529216754451 ], [ -78.605788534006066, 35.748990923340614 ], [ -78.604730235042084, 35.747408608267854 ], [ -78.602520132758357, 35.747364559164325 ], [ -78.601368243322256, 35.748902820104178 ] ] ] } },
{ "type": "Feature", "properties": { "cell_id": "H-00635", "area_sqm": 103923.0 }, "geometry": { "type": "Polygon", "coordinates": [ [ [ -78.601274552334147, 35.75202342012706 ], [ -78.602332836908431, 35.753605764243282 ], [ -78.604543111446944, 35.753649823406271 ], [ -78.605695015272758, 35.752111533422976 ], [ -78.604636680436059, 35.750529216754451 ], [ -78.602426492031555, 35.750485162621381 ], [ -78.601274552334147, 35.75202342012706 ] ] ] } },
{ "type": "Feature", "properties": { "cell_id": "H-00636", "area_sqm": 103923.0 }, "geometry": { "type": "Polygon", "coordinates": [ [ [ -78.601180846942015, 35.755144018314553 ], [ -78.602239167386784, 35.756726364029916 ], [ -78.604449528072507, 35.756770428223227 ], [ -78.605601482161845, 35.755232141670703 ], [ -78.604543111446944, 35.753649823406271 ], [ -78.602332836908431, 35.753605764243282 ], [ -78.601180846942015, 35.755144018314553 ] ] ] } },
{ "type": "Feature", "properties": { "cell_id": "H-00637", "area_sqm": 103923.0 }, "geometry": { "type": "Polygon", "coordinates": [ [ [ -78.601087127143614, 35.758264614666565 ], [ -78.602145483464369, 35.759846961981232 ], [ -78.604355930310547, 35.75989103120525 ], [ -78.605507934671124, 35.75835274808373 ], [ -78.604449528072507, 35.756770428223227 ], [ -78.602239167386784, 35.756726364029916 ], [ -78.601087127143614, 35.758264614666565 ] ] ] } },
{ "type": "Feature", "properties": { "cell_id": "H-00638", "area_sqm": 103923.0 }, "geometry": { "type": "Polygon", "coordinates": [ [ [ -78.600993392936715, 35.761385209182997 ], [ -78.602051785138926, 35.762967558097117 ], [ -78.604262318158774, 35.76301163235221 ], [ -78.605414372798336, 35.76147335266193 ], [ -78.604355930310547, 35.75989103120525 ], [ -78.602145483464369, 35.759846961981232 ], [ -78.600993392936715, 35.761385209182997 ] ] ] } },
{ "type": "Feature", "properties": { "cell_id": "H-00639", "area_sqm": 103923.0 }, "geometry": { "type": "Polygon", "coordinates": [ [ [ -78.600899644319099, 35.764505801863727 ], [ -78.60195807240828, 35.766088152377435 ], [ -78.604168691615016, 35.76613223166401 ], [ -78.605320796541278, 35.764593955405225 ], [ -78.604262318158774, 35.76301163235221 ], [ -78.602051785138926, 35.762967558097117 ], [ -78.600899644319099, 35.764505801863727 ] ] ] } },
{ "type": "Feature", "properties": { "cell_id": "H-00640", "area_sqm": 103923.0 }, "geometry": { "type": "Polygon", "coordinates": [ [ [ -78.600805881288508, 35.767626392708685 ], [ -78.601864345270144, 35.76920874482213 ], [ -78.604075050676997, 35.769252829140555 ], [ -78.605227205897691, 35.767714556313521 ], [ -78.604168691615016, 35.76613223166401 ], [ -78.60195807240828, 35.766088152377435 ], [ -78.600805881288508, 35.767626392708685 ] ] ] } },
{ "type": "Feature", "properties": { "cell_id": "H-00641", "area_sqm": 103923.0 }, "geometry": { "type": "Polygon", "coordinates": [ [ [ -78.600712103842724, 35.770746981717764 ], [ -78.601770603722301, 35.772329335431095 ], [ -78.603981395342501, 35.772373424781762 ], [ -78.605133600865372, 35.770835155386692 ], [ -78.604075050676997, 35.769252829140555 ], [ -78.601864345270144, 35.76920874482213 ], [ -78.600712103842724, 35.770746981717764 ] ] ] } },
{ "type": "Feature", "properties": { "cell_id": "H-00642", "area_sqm": 103923.0 }, "geometry": { "type": "Polygon", "coordinates": [ [ [ -78.600618311979474, 35.773867568890857 ], [ -78.601676847762505, 35.775449924204217 ], [ -78.603887725609283, 35.775494018587523 ], [ -78.605039981442047, 35.773955752624659 ], [ -78.603981395342501, 35.772373424781762 ], [ -78.601770603722301, 35.772329335431095 ], [ -78.600618311979474, 35.773867568890857 ] ] ] } },
{ "type": "Feature", "properties": { "cell_id": "H-00643", "area_sqm": 103923.0 }, "geometry": { "type": "Polygon", "coordinates": [ [ [ -78.600524505696555, 35.77698815422788 ], [ -78.601583077388526, 35.778570511141396 ], [ -78.603794041475112, 35.778614610557717 ], [ -78.604946347625514, 35.777076348027336 ], [ -78.603887725609283, 35.775494018587523 ], [ -78.601676847762505, 35.775449924204217 ], [ -78.600524505696555, 35.77698815422788 ] ] ] } },
{ "type": "Feature", "properties": { "cell_id": "H-00644", "area_sqm": 103923.0 }, "geometry": { "type": "Polygon", "coordinates": [ [ [ -78.600430684991707, 35.780108737728725 ], [ -78.601489292598131, 35.781691096242554 ], [ -78.603700342937771, 35.781735200692268 ], [ -78.604852699413527, 35.780196941594603 ], [ -78.603794041475112, 35.778614610557717 ], [ -78.601583077388526, 35.778570511141396 ], [ -78.600430684991707, 35.780108737728725 ] ] ] } },
{ "type": "Feature", "properties": { "cell_id": "H-00645", "area_sqm": 103923.0 }, "geometry": { "type": "Polygon", "coordinates": [ [ [ -78.600336849862714, 35.783229319393286 ], [ -78.601395493389063, 35.78481167950757 ], [ -78.603606629994985, 35.784855788991088 ], [ -78.604759036803856, 35.783317533326347 ], [ -78.603700342937771, 35.781735200692268 ], [ -78.601489292598131, 35.781691096242554 ], [ -78.600336849862714, 35.783229319393286 ] ] ] } },
{ "type": "Feature", "properties": { "cell_id": "H-00646", "area_sqm": 103923.0 }, "geometry": { "type": "Polygon", "coordinates": [ [ [ -78.600243000307302, 35.786349899221477 ], [ -78.601301679759118, 35.787932260936358 ], [ -78.603512902644567, 35.787976375454051 ], [ -78.604665359794268, 35.786438123222503 ], [ -78.603606629994985, 35.784855788991088 ], [ -78.601395493389063, 35.78481167950757 ], [ -78.600243000307302, 35.786349899221477 ] ] ] } },
{ "type": "Feature", "properties": { "cell_id": "H-00647", "area_sqm": 103923.0 }, "geometry": { "type": "Polygon", "coordinates": [ [ [ -78.600149136323267, 35.789470477213193 ], [ -78.601207851706022, 35.791052840528828 ], [ -78.603419160884229, 35.791096960081077 ], [ -78.604571668382505, 35.789558711282965 ], [ -78.603512902644567, 35.787976375454051 ], [ -78.601301679759118, 35.787932260936358 ], [ -78.600149136323267, 35.789470477213193 ] ] ] } },
{ "type": "Feature", "properties": { "cell_id": "H-00648", "area_sqm": 103923.0 }, "geometry": { "type": "Polygon", "coordinates": [ [ [ -78.600055257908352, 35.792591053368348 ], [ -78.601114009227558, 35.794173418284856 ], [ -78.603325404711754, 35.794217542872062 ], [ -78.604477962566364, 35.792679297507625 ], [ -78.603419160884229, 35.791096960081077 ], [ -78.601207851706022, 35.791052840528828 ], [ -78.600055257908352, 35.792591053368348 ] ] ] } },
{ "type": "Feature", "properties": { "cell_id": "H-00649", "area_sqm": 103923.0 }, "geometry": { "type": "Polygon", "coordinates": [ [ [ -78.599961365060324, 35.795711627686821 ], [ -78.601020152321453, 35.797293994204367 ], [ -78.603231634124924, 35.797338123826904 ], [ -78.604384242343585, 35.795799881896379 ], [ -78.603325404711754, 35.794217542872062 ], [ -78.601114009227558, 35.794173418284856 ], [ -78.599961365060324, 35.795711627686821 ] ] ] } },
{ "type": "Feature", "properties": { "cell_id": "H-00650", "area_sqm": 103923.0 }, "geometry": { "type": "Polygon", "coordinates": [ [ [ -78.599867457776924, 35.798832200168519 ], [ -78.600926280985504, 35.800414568287245 ], [ -78.603137849121467, 35.800458702945505 ], [ -78.604290507711937, 35.798920464449147 ], [ -78.603231634124924, 35.797338123826904 ], [ -78.601020152321453, 35.797293994204367 ], [ -78.599867457776924, 35.798832200168519 ] ] ] } },
{ "type": "Feature", "properties": { "cell_id": "H-00651", "area_sqm": 103923.0 }, "geometry": { "type": "Polygon", "coordinates": [ [ [ -78.59977353605592, 35.801952770813365 ], [ -78.600832395217452, 35.803535140533398 ], [ -78.603044049699164, 35.803579280227765 ], [ -78.604196758669175, 35.802041045165815 ], [ -78.603137849121467, 35.800458702945505 ], [ -78.600926280985504, 35.800414568287245 ], [ -78.59977353605592, 35.801952770813365 ] ] ] } },
{ "type": "Feature", "properties": { "cell_id": "H-00652", "area_sqm": 103923.0 }, "geometry": { "type": "Polygon", "coordinates": [ [ [ -78.599679599895069, 35.805073339621231 ], [ -78.600738495015051, 35.806655710942735 ], [ -78.602950235855772, 35.806699855673607 ], [ -78.604102995213069, 35.805161624046299 ], [ -78.603044049699164, 35.803579280227765 ], [ -78.600832395217452, 35.803535140533398 ], [ -78.599679599895069, 35.805073339621231 ] ] ] } },
{ "type": "Feature", "properties": { "cell_id": "H-00653", "area_sqm": 103923.0 }, "geometry": { "type": "Polygon", "coordinates": [ [ [ -78.599585649292123, 35.808193906592038 ], [ -78.600644580376084, 35.809776279515148 ], [ -78.602856407589044, 35.809820429282901 ], [ -78.604009217341385, 35.808282201090478 ], [ -78.602950235855772, 35.806699855673607 ], [ -78.600738495015051, 35.806655710942735 ], [ -78.599585649292123, 35.808193906592038 ] ] ] } },
{ "type": "Feature", "properties": { "cell_id": "H-00654", "area_sqm": 103923.0 }, "geometry": { "type": "Polygon", "coordinates": [ [ [ -78.599491684244853, 35.811314471725673 ], [ -78.600550651298263, 35.812896846250545 ], [ -78.602762564896736, 35.81294100105557 ], [ -78.603915425051866, 35.811402776298273 ], [ -78.602856407589044, 35.809820429282901 ], [ -78.600644580376084, 35.809776279515148 ], [ -78.599491684244853, 35.811314471725673 ] ] ] } },
{ "type": "Feature", "properties": { "cell_id": "H-00655", "area_sqm": 103923.0 }, "geometry": { "type": "Polygon", "coordinates": [ [ [ -78.599397704750984, 35.814435035022051 ], [ -78.600456707779372, 35.81601741114882 ], [ -78.602668707776616, 35.816061570991501 ], [ -78.60382161834228, 35.814523349669585 ], [ -78.602762564896736, 35.81294100105557 ], [ -78.600550651298263, 35.812896846250545 ], [ -78.599397704750984, 35.814435035022051 ] ] ] } },
{ "type": "Feature", "properties": { "cell_id": "H-00656", "area_sqm": 103923.0 }, "geometry": { "type": "Polygon", "coordinates": [ [ [ -78.599303710808314, 35.817555596481071 ], [ -78.60036274981718, 35.819137974209873 ], [ -78.602574836226452, 35.819182139090593 ], [ -78.603727797210396, 35.817643921204301 ], [ -78.602668707776616, 35.816061570991501 ], [ -78.600456707779372, 35.81601741114882 ], [ -78.599303710808314, 35.817555596481071 ] ] ] } },
{ "type": "Feature", "properties": { "cell_id": "H-00657", "area_sqm": 103923.0 }, "geometry": { "type": "Polygon", "coordinates": [ [ [ -78.599209702414555, 35.820676156102628 ], [ -78.600268777409426, 35.822258535433626 ], [ -78.602480950243972, 35.822302705352783 ], [ -78.603633961653969, 35.820764490902349 ], [ -78.602574836226452, 35.819182139090593 ], [ -78.60036274981718, 35.819137974209873 ], [ -78.599209702414555, 35.820676156102628 ] ] ] } },
{ "type": "Feature", "properties": { "cell_id": "H-00658", "area_sqm": 103923.0 }, "geometry": { "type": "Polygon", "coordinates": [ [ [ -78.598287525262464, 35.741035147017698 ], [ -78.599345616165024, 35.742617512171059 ], [ -78.601555582095315, 35.742661614552659 ], [ -78.602707371032025, 35.741123346745219 ], [ -78.601649229884742, 35.739541009024201 ], [ -78.599439350041095, 35.739496911678117 ], [ -78.598287525262464, 35.741035147017698 ] ] ] } },
{ "type": "Feature", "properties": { "cell_id": "H-00659", "area_sqm": 103923.0 }, "geometry": { "type": "Polygon", "coordinates": [ [ [ -78.598193741135063, 35.744155744073318 ], [ -78.599251867878408, 35.745738110828519 ], [ -78.601461919908559, 35.745782218246013 ], [ -78.602613759091113, 35.744243953872243 ], [ -78.601555582095315, 35.742661614552659 ], [ -78.599345616165024, 35.742617512171059 ], [ -78.598193741135063, 35.744155744073318 ] ] ] } },
{ "type": "Feature", "properties": { "cell_id": "H-00660", "area_sqm": 103923.0 }, "geometry": { "type": "Polygon", "coordinates": [ [ [ -78.5980999425894, 35.747276339293222 ], [ -78.599158105179029, 35.748858707650399 ], [ -78.601368243322256, 35.748902820104178 ], [ -78.602520132758357, 35.747364559164325 ], [ -78.601461919908559, 35.745782218246013 ], [ -78.599251867878408, 35.745738110828519 ], [ -78.5980999425894, 35.747276339293222 ] ] ] } },
{ "type": "Feature", "properties": { "cell_id": "H-00661", "area_sqm": 103923.0 }, "geometry": { "type": "Polygon", "coordinates": [ [ [ -78.598006129623244, 35.750396932677297 ], [ -78.599064328064642, 35.751979302636599 ], [ -78.601274552334147, 35.75202342012706 ], [ -78.602426492031555, 35.750485162621381 ], [ -78.601368243322256, 35.748902820104178 ], [ -78.599158105179029, 35.748858707650399 ], [ -78.598006129623244, 35.750396932677297 ] ] ] } },
{ "type": "Feature", "properties": { "cell_id": "H-00662", "area_sqm": 103923.0 }, "geometry": { "type": "Polygon", "coordinates": [ [ [ -78.597912302234349, 35.753517524225472 ], [ -78.598970536533017, 35.755099895787041 ], [ -78.601180846942015, 35.755144018314553 ], [ -78.602332836908431, 35.753605764243282 ], [ -78.601274552334147, 35.75202342012706 ], [ -78.599064328064642, 35.751979302636599 ], [ -78.597912302234349, 35.753517524225472 ] ] ] } },
{ "type": "Feature", "properties": { "cell_id": "H-00663", "area_sqm": 103923.0 }, "geometry": { "type": "Polygon", "coordinates": [ [ [ -78.597818460420484, 35.756638113937612 ], [ -78.598876730581907, 35.758220487101603 ], [ -78.601087127143614, 35.758264614666565 ], [ -78.602239167386784, 35.756726364029916 ], [ -78.601180846942015, 35.755144018314553 ], [ -78.598970536533017, 35.755099895787041 ], [ -78.597818460420484, 35.756638113937612 ] ] ] } },
{ "type": "Feature", "properties": { "cell_id": "H-00664", "area_sqm": 103923.0 }, "geometry": { "type": "Polygon", "coordinates": [ [ [ -78.597724604179419, 35.759758701813645 ], [ -78.598782910209081, 35.761341076580194 ], [ -78.600993392936715, 35.761385209182997 ], [ -78.602145483464369, 35.759846961981232 ], [ -78.601087127143614, 35.758264614666565 ], [ -78.598876730581907, 35.758220487101603 ], [ -78.597724604179419, 35.759758701813645 ] ] ] } },
{ "type": "Feature", "properties": { "cell_id": "H-00665", "area_sqm": 103923.0 }, "geometry": { "type": "Polygon", "coordinates": [ [ [ -78.597630733508893, 35.762879287853472 ], [ -78.598689075412295, 35.764461664222708 ], [ -78.600899644319099, 35.764505801863727 ], [ -78.602051785138926, 35.762967558097117 ], [ -78.600993392936715, 35.761385209182997 ], [ -78.598782910209081, 35.761341076580194 ], [ -78.597630733508893, 35.762879287853472 ] ] ] } },
{ "type": "Feature", "properties": { "cell_id": "H-00666", "area_sqm": 103923.0 }, "geometry": { "type": "Polygon", "coordinates": [ [ [ -78.597536848406691, 35.76599987205698 ], [ -78.598595226189317, 35.767582250029079 ], [ -78.600805881288508, 35.767626392708685 ], [ -78.60195807240828, 35.766088152377435 ], [ -78.600899644319099, 35.764505801863727 ], [ -78.598689075412295, 35.764461664222708 ], [ -78.597536848406691, 35.76599987205698 ] ] ] } },
{ "type": "Feature", "properties": { "cell_id": "H-00667", "area_sqm": 103923.0 }, "geometry": { "type": "Polygon", "coordinates": [ [ [ -78.597442948870551, 35.769120454424076 ], [ -78.598501362537903, 35.770702833999152 ], [ -78.600712103842724, 35.770746981717764 ], [ -78.601864345270144, 35.76920874482213 ], [ -78.600805881288508, 35.767626392708685 ], [ -78.598595226189317, 35.767582250029079 ], [ -78.597442948870551, 35.769120454424076 ] ] ] } },
{ "type": "Feature", "properties": { "cell_id": "H-00668", "area_sqm": 103923.0 }, "geometry": { "type": "Polygon", "coordinates": [ [ [ -78.597349034898258, 35.772241034954668 ], [ -78.598407484455819, 35.773823416132871 ], [ -78.600618311979474, 35.773867568890857 ], [ -78.601770603722301, 35.772329335431095 ], [ -78.600712103842724, 35.770746981717764 ], [ -78.598501362537903, 35.770702833999152 ], [ -78.597349034898258, 35.772241034954668 ] ] ] } },
{ "type": "Feature", "properties": { "cell_id": "H-00669", "area_sqm": 103923.0 }, "geometry": { "type": "Polygon", "coordinates": [ [ [ -78.597255106487538, 35.775361613648641 ], [ -78.598313591940823, 35.776943996430127 ], [ -78.600524505696555, 35.77698815422788 ], [ -78.601676847762505, 35.775449924204217 ], [ -78.600618311979474, 35.773867568890857 ], [ -78.598407484455819, 35.773823416132871 ], [ -78.597255106487538, 35.775361613648641 ] ] ] } },
{ "type": "Feature", "properties": { "cell_id": "H-00670", "area_sqm": 103923.0 }, "geometry": { "type": "Polygon", "coordinates": [ [ [ -78.597161163636173, 35.778482190505919 ], [ -78.598219684990667, 35.780064574890822 ], [ -78.600430684991707, 35.780108737728725 ], [ -78.601583077388526, 35.778570511141396 ], [ -78.600524505696555, 35.77698815422788 ], [ -78.598313591940823, 35.776943996430127 ], [ -78.597161163636173, 35.778482190505919 ] ] ] } },
{ "type": "Feature", "properties": { "cell_id": "H-00671", "area_sqm": 103923.0 }, "geometry": { "type": "Polygon", "coordinates": [ [ [ -78.597067206341919, 35.781602765526372 ], [ -78.598125763603122, 35.783185151514843 ], [ -78.600336849862714, 35.783229319393286 ], [ -78.601489292598131, 35.781691096242554 ], [ -78.600430684991707, 35.780108737728725 ], [ -78.598219684990667, 35.780064574890822 ], [ -78.597067206341919, 35.781602765526372 ] ] ] } },
{ "type": "Feature", "properties": { "cell_id": "H-00672", "area_sqm": 103923.0 }, "geometry": { "type": "Polygon", "coordinates": [ [ [ -78.596973234602544, 35.784723338709924 ], [ -78.598031827775941, 35.786305726302103 ], [ -78.600243000307302, 35.786349899221477 ], [ -78.601395493389063, 35.78481167950757 ], [ -78.600336849862714, 35.783229319393286 ], [ -78.598125763603122, 35.783185151514843 ], [ -78.596973234602544, 35.784723338709924 ] ] ] } },
{ "type": "Feature", "properties": { "cell_id": "H-00673", "area_sqm": 103923.0 }, "geometry": { "type": "Polygon", "coordinates": [ [ [ -78.596879248415789, 35.78784391005648 ], [ -78.597937877506894, 35.789426299252511 ], [ -78.600149136323267, 35.789470477213193 ], [ -78.601301679759118, 35.787932260936358 ], [ -78.600243000307302, 35.786349899221477 ], [ -78.598031827775941, 35.786305726302103 ], [ -78.596879248415789, 35.78784391005648 ] ] ] } },
{ "type": "Feature", "properties": { "cell_id": "H-00674", "area_sqm": 103923.0 }, "geometry": { "type": "Polygon", "coordinates": [ [ [ -78.596785247779408, 35.790964479565929 ], [ -78.597843912793707, 35.792546870365953 ], [ -78.600055257908352, 35.792591053368348 ], [ -78.601207851706022, 35.791052840528828 ], [ -78.600149136323267, 35.789470477213193 ], [ -78.597937877506894, 35.789426299252511 ], [ -78.596785247779408, 35.790964479565929 ] ] ] } },
{ "type": "Feature", "properties": { "cell_id": "H-00675", "area_sqm": 103923.0 }, "geometry": { "type": "Polygon", "coordinates": [ [ [ -78.596691232691157, 35.79408504723817 ], [ -78.597749933634162, 35.795667439642358 ], [ -78.599961365060324, 35.795711627686821 ], [ -78.601114009227558, 35.794173418284856 ], [ -78.600055257908352, 35.792591053368348 ], [ -78.597843912793707, 35.792546870365953 ], [ -78.596691232691157, 35.79408504723817 ] ] ] } },
{ "type": "Feature", "properties": { "cell_id": "H-00676", "area_sqm": 103923.0 }, "geometry": { "type": "Polygon", "coordinates": [ [ [ -78.596597203148804, 35.79720561307311 ], [ -78.597655940026016, 35.798788007081569 ], [ -78.599867457776924, 35.798832200168519 ], [ -78.601020152321453, 35.797293994204367 ], [ -78.599961365060324, 35.795711627686821 ], [ -78.597749933634162, 35.795667439642358 ], [ -78.596597203148804, 35.79720561307311 ] ] ] } },
{ "type": "Feature", "properties": { "cell_id": "H-00677", "area_sqm": 103923.0 }, "geometry": { "type": "Polygon", "coordinates": [ [ [ -78.596503159150089, 35.800326177070659 ], [ -78.597561931967007, 35.801908572683551 ], [ -78.59977353605592, 35.801952770813365 ], [ -78.600926280985504, 35.800414568287245 ], [ -78.599867457776924, 35.798832200168519 ], [ -78.597655940026016, 35.798788007081569 ], [ -78.596503159150089, 35.800326177070659 ] ] ] } },
{ "type": "Feature", "properties": { "cell_id": "H-00678", "area_sqm": 103923.0 }, "geometry": { "type": "Polygon", "coordinates": [ [ [ -78.596409100692782, 35.803446739230701 ], [ -78.597467909454892, 35.805029136448177 ], [ -78.599679599895069, 35.805073339621231 ], [ -78.600832395217452, 35.803535140533398 ], [ -78.59977353605592, 35.801952770813365 ], [ -78.597561931967007, 35.801908572683551 ], [ -78.596409100692782, 35.803446739230701 ] ] ] } },
{ "type": "Feature", "properties": { "cell_id": "H-00679", "area_sqm": 103923.0 }, "geometry": { "type": "Polygon", "coordinates": [ [ [ -78.596315027774637, 35.806567299553144 ], [ -78.597373872487452, 35.808149698375338 ], [ -78.599585649292123, 35.808193906592038 ], [ -78.600738495015051, 35.806655710942735 ], [ -78.599679599895069, 35.805073339621231 ], [ -78.597467909454892, 35.805029136448177 ], [ -78.596315027774637, 35.806567299553144 ] ] ] } },
{ "type": "Feature", "properties": { "cell_id": "H-00680", "area_sqm": 103923.0 }, "geometry": { "type": "Polygon", "coordinates": [ [ [ -78.596220940393394, 35.809687858037897 ], [ -78.597279821062415, 35.811270258464951 ], [ -78.599491684244853, 35.811314471725673 ], [ -78.600644580376084, 35.809776279515148 ], [ -78.599585649292123, 35.808193906592038 ], [ -78.597373872487452, 35.808149698375338 ], [ -78.596220940393394, 35.809687858037897 ] ] ] } },
{ "type": "Feature", "properties": { "cell_id": "H-00681", "area_sqm": 103923.0 }, "geometry": { "type": "Polygon", "coordinates": [ [ [ -78.596126838546795, 35.812808414684859 ], [ -78.597185755177549, 35.814390816716909 ], [ -78.599397704750984, 35.814435035022051 ], [ -78.600550651298263, 35.812896846250545 ], [ -78.599491684244853, 35.811314471725673 ], [ -78.597279821062415, 35.811270258464951 ], [ -78.596126838546795, 35.812808414684859 ] ] ] } },
{ "type": "Feature", "properties": { "cell_id": "H-00682", "area_sqm": 103923.0 }, "geometry": { "type": "Polygon", "coordinates": [ [ [ -78.596032722232621, 35.815928969493925 ], [ -78.597091674830594, 35.817511373131133 ], [ -78.599303710808314, 35.817555596481071 ], [ -78.600456707779372, 35.81601741114882 ], [ -78.599397704750984, 35.814435035022051 ], [ -78.597185755177549, 35.814390816716909 ], [ -78.596032722232621, 35.815928969493925 ] ] ] } },
{ "type": "Feature", "properties": { "cell_id": "H-00683", "area_sqm": 103923.0 }, "geometry": { "type": "Polygon", "coordinates": [ [ [ -78.595938591448629, 35.819049522464979 ], [ -78.59699758001932, 35.82063192770751 ], [ -78.599209702414555, 35.820676156102628 ], [ -78.60036274981718, 35.819137974209873 ], [ -78.599303710808314, 35.817555596481071 ], [ -78.597091674830594, 35.817511373131133 ], [ -78.595938591448629, 35.819049522464979 ] ] ] } }
]
}
